-- phpMyAdmin SQL Dump
-- version 5.2.1
-- https://www.phpmyadmin.net/
--
-- Host: 127.0.0.1
-- Generation Time: Aug 13, 2025 at 08:27 PM
-- Server version: 10.4.32-MariaDB
-- PHP Version: 8.2.12

SET SQL_MODE = "NO_AUTO_VALUE_ON_ZERO";
START TRANSACTION;
SET time_zone = "+00:00";


/*!40101 SET @OLD_CHARACTER_SET_CLIENT=@@CHARACTER_SET_CLIENT */;
/*!40101 SET @OLD_CHARACTER_SET_RESULTS=@@CHARACTER_SET_RESULTS */;
/*!40101 SET @OLD_COLLATION_CONNECTION=@@COLLATION_CONNECTION */;
/*!40101 SET NAMES utf8mb4 */;

--
-- Database: `clothing_shop_management`
--
CREATE DATABASE IF NOT EXISTS `clothing_shop_management` DEFAULT CHARACTER SET utf8mb4 COLLATE utf8mb4_general_ci;
USE `clothing_shop_management`;

-- --------------------------------------------------------

--
-- Table structure for table `categories`
--

DROP TABLE IF EXISTS `categories`;
CREATE TABLE `categories` (
  `category_id` int(11) NOT NULL,
  `name` varchar(100) NOT NULL,
  `description` text DEFAULT NULL,
  `created_at` timestamp NOT NULL DEFAULT current_timestamp()
) ENGINE=InnoDB DEFAULT CHARSET=utf8mb4 COLLATE=utf8mb4_general_ci;

--
-- Dumping data for table `categories`
--

INSERT INTO `categories` (`category_id`, `name`, `description`, `created_at`) VALUES
(6, 'Player Jerseys', 'Professional football team jerseys', '2025-07-22 11:27:32'),
(7, 'Fan Jerseys', 'NBA and basketball team jerseys', '2025-07-22 11:27:32'),
(8, 'Caps', 'Team caps and hats', '2025-07-22 11:27:32'),
(9, 'Kids Jerseys', 'Sports training shorts', '2025-07-22 11:27:32'),
(10, 'Vintage Jerseys', 'Classic and retro jerseys', '2025-07-22 11:27:32');

-- --------------------------------------------------------

--
-- Table structure for table `products`
--

DROP TABLE IF EXISTS `products`;
CREATE TABLE `products` (
  `product_id` int(11) NOT NULL,
  `name` varchar(100) NOT NULL,
  `category_id` int(11) DEFAULT NULL,
  `size` varchar(10) DEFAULT NULL,
  `color` varchar(30) DEFAULT NULL,
  `image_path` varchar(255) DEFAULT NULL,
  `brand` varchar(50) DEFAULT NULL,
  `price` decimal(10,2) NOT NULL,
  `stock_quantity` int(11) DEFAULT 0,
  `supplier_id` int(11) DEFAULT NULL,
  `created_at` timestamp NOT NULL DEFAULT current_timestamp()
) ENGINE=InnoDB DEFAULT CHARSET=utf8mb4 COLLATE=utf8mb4_general_ci;

--
-- Dumping data for table `products`
--

INSERT INTO `products` (`product_id`, `name`, `category_id`, `size`, `color`, `image_path`, `brand`, `price`, `stock_quantity`, `supplier_id`, `created_at`) VALUES
(13, 'AC MILLAN HOME PLAYER', 6, 'S M L XL 2', 'RED BLACK', NULL, 'PUMA', 17000.00, 31, 1, '2025-07-22 14:11:17'),
(14, 'BARCA LEFT FANS', 7, 'S M L XL 2', 'PURPLE', NULL, 'NIKE', 20000.00, 15, 3, '2025-07-22 14:21:05'),
(15, 'BRASIL VINTAGE', 10, 'S M L XL 2', 'YELLOW', NULL, 'NIKE', 20000.00, 19, 2, '2025-07-22 14:28:05'),
(17, 'MAN CITY HOME FANS', 7, 'S M L XL 2', 'BLUE', NULL, 'PUMA', 17000.00, 52, 3, '2025-07-22 15:16:39'),
(18, 'MAN CITY AWAY FANS', 7, 'S M L XL 2', 'WHITE', NULL, 'PUMA', 17000.00, 11, 3, '2025-07-22 15:17:44'),
(19, 'REAL MADRID AWAY PLAYER', 6, 'S M L XL 2', 'BLUE', NULL, 'PUMA', 17000.00, 32, 3, '2025-07-22 15:18:53'),
(20, 'BAYERN MUNCHEN HOME FANS', 7, 'S M L XL 2', 'RED', NULL, 'ADIDAS', 17000.00, 7, 3, '2025-07-22 15:19:35'),
(21, 'BAYERN MUNCHEN AWAY FANS', 7, 'S M L XL 2', 'WHITE', NULL, 'ADIDAS', 17000.00, 45, 3, '2025-07-22 15:19:59'),
(22, 'BAYERN MUNCHEN AWAY PLAYER', 6, 'S M L XL 2', 'WHITE', NULL, 'ADIDAS', 17000.00, 22, 3, '2025-07-22 15:20:38'),
(23, 'ARSENAL HOME PLAYER', 6, 'S M L XL 2', 'RED', NULL, 'ADIDAS', 17000.00, 0, 3, '2025-07-22 15:21:30'),
(24, 'ARSENAL HOME FANS', 7, 'S M L XL 2', 'RED', NULL, 'ADIDAS', 17000.00, 11, 3, '2025-07-22 15:21:51'),
(25, 'SANTOS HOME FANS', 7, 'S M L XL 2', 'WHITE', NULL, 'UMBRO', 17000.00, 0, 3, '2025-07-22 15:22:36'),
(26, 'TOTTENHAM HOTSPURS HOME PLAYER', 6, 'S M L XL 2', 'WHITE', NULL, 'NIKE', 17000.00, 17, 3, '2025-07-22 15:23:35'),
(27, 'TOTTENHAM HOTSPURS AWAY PLAYER', 6, 'S M L XL 2', 'BLACK', NULL, 'NIKE', 17000.00, 0, 3, '2025-07-22 15:24:51'),
(28, 'BARCELONA HOME PLAYER', 6, 'S M L XL 2', 'PURPLE', NULL, 'NIKE', 17000.00, 3, 3, '2025-07-22 15:25:40'),
(29, 'BARCELONA HOME FANS', 7, 'S M L XL 2', 'PURPLE', NULL, 'NIKE', 17000.00, 57, 3, '2025-07-22 15:26:12'),
(30, 'AC MILLAN AWAY PLAYER', 6, 'S M L XL 2', 'WHITE', NULL, 'PUMA', 17000.00, 7, 3, '2025-07-22 15:27:36'),
(31, 'BRASIL HOME FANS', 7, 'S M L XL 2', 'YELLOW', NULL, 'NIKE', 17000.00, 0, 3, '2025-07-22 15:33:25'),
(32, 'CHELSEA HOME FANS', 7, 'S M L XL 2', 'BLUE', NULL, 'NIKE', 17000.00, 74, 3, '2025-07-22 15:34:57'),
(33, 'CHELSEA HOME PLAYER', 6, 'S M L XL 2', 'BLUE', NULL, 'NIKE', 17000.00, 13, 3, '2025-07-22 15:35:16'),
(34, 'CHELSEA AWAY PLAYER', 6, 'S M L XL 2', 'CREAM', NULL, 'NIKE', 17000.00, 0, 3, '2025-07-22 15:35:48'),
(35, 'CHELSEA AWAY FANS', 7, 'S M L XL 2', 'WHITE', NULL, 'NIKE', 17000.00, 91, 3, '2025-07-22 15:36:16'),
(36, 'MAN U HOME FANS', 7, 'S M L XL 2', 'RED', NULL, 'ADIDAS', 17000.00, 85, 3, '2025-07-22 15:36:52'),
(37, 'MAN U HOME PLAYER', 6, 'S M L XL 2', 'RED', NULL, 'ADIDAS', 17000.00, 0, 3, '2025-07-22 15:37:13'),
(38, 'MAN U AWAY PLAYER', 6, 'S M L XL 2', 'WHITE', NULL, 'ADIDAS', 17000.00, 0, 3, '2025-07-22 15:38:09'),
(39, 'MAN U AWAY FANS', 7, 'S M L XL 2', 'WHITE', NULL, 'ADIDAS', 17000.00, 35, 3, '2025-07-22 15:38:28'),
(40, 'LIVERPOOL HOME FANS', 7, 'S M L XL 2', 'RED', NULL, 'ADIDAS', 17000.00, 14, 3, '2025-07-22 15:39:15'),
(41, 'LIVERPOOL HOME PLAYER', 6, 'S M L XL 2', 'RED', NULL, 'ADIDAS', 17000.00, 0, 3, '2025-07-22 15:39:46'),
(42, 'LIVERPOOL AWAY FANS', 7, 'S M L XL 2', 'WHITE', NULL, 'ADIDAS', 17000.00, 4, 3, '2025-07-22 15:40:56'),
(43, 'LIVERPOOL AWAY PLAYER', 6, 'S M L XL 2', 'WHITE', NULL, 'ADIDAS', 17000.00, 0, 3, '2025-07-22 15:41:27'),
(44, 'MAN U BLACK FANS', 7, 'S M L XL 2', 'BLACK', NULL, 'ADIDAS', 17000.00, 0, 3, '2025-07-22 15:42:03'),
(45, 'JUVENTUS HOME FANS', 7, 'S M L XL 2', 'WHITE', NULL, 'ADIDAS', 17000.00, 43, 3, '2025-07-22 15:42:50'),
(46, 'JUVENTUS HOME PLAYER', 6, 'S M L XL 2', 'WHITE', NULL, 'ADIDAS', 17000.00, 13, 3, '2025-07-22 15:43:08'),
(47, 'JUVENTUS AWAY FANS', 7, 'S M L XL 2', 'WHITE', NULL, 'ADIDAS', 17000.00, 0, 3, '2025-07-22 15:43:31'),
(48, 'JUVENTUS AWAY PLAYER', 6, 'S M L XL 2', 'WHITE', NULL, 'ADIDAS', 17000.00, 0, 3, '2025-07-22 15:43:48'),
(49, 'REAL MADRID HOME FANS', 7, 'S M L XL 2', 'WHITE', NULL, 'ADIDAS', 17000.00, 124, 3, '2025-07-22 15:44:46'),
(50, 'REAL MADRID HOME PLAYER', 6, 'S M L XL 2', 'WHITE', NULL, 'ADIDAS', 17000.00, 0, 3, '2025-07-22 15:45:16'),
(51, 'INTERMILLAN HOME FANS', 7, 'S M L XL 2', 'BLUE', NULL, 'ADIDAS', 17000.00, 17, 3, '2025-07-22 15:46:00'),
(52, 'SANTOS BLUE VINTAGE', 10, 'S M L XL 2', 'BLUE', NULL, 'NIKE', 20000.00, 8, 3, '2025-07-22 15:48:10'),
(53, 'SANTOS BLACK VINTAGE', 10, 'S M L XL 2', 'BLACK', NULL, 'NIKE', 20000.00, 6, 3, '2025-07-22 15:48:32'),
(54, 'BARCELONA CACTUS TRAVIS SCOTT', 10, 'S M L XL 2', 'BLUE', NULL, 'NIKE', 20000.00, 82, 1, '2025-07-22 15:52:10'),
(55, 'PSG HOME FANS', 7, 'S M L XL 2', 'BLUE', NULL, 'NIKE', 17000.00, 40, 1, '2025-07-22 15:53:20'),
(56, 'PSG HOME PLAYER', 6, 'S M L XL 2', 'BLUE', NULL, 'NIKE', 17000.00, 0, 3, '2025-07-22 15:53:51'),
(57, 'REAL MADRID HOME WHITE KIDS', 9, '16 18 20 2', 'WHITE', NULL, 'ADIDAS', 15000.00, 253, 1, '2025-07-22 15:57:36'),
(58, 'INTERMILLAN HOME WATOTO', 9, '16 18 20 2', 'BLUE', NULL, 'NIKE', 15000.00, 55, 2, '2025-07-22 15:59:12'),
(59, 'BRASIL YA YESU NJANO WATOTO', 9, '16 18 20 2', 'YELLOW', NULL, 'NIKE', 15000.00, 11, 1, '2025-07-22 16:00:26'),
(60, 'BRASIL YA YESU NYEUSI WATOTO', 9, '16 18 20 2', 'BLACK', NULL, 'NIKE', 15000.00, 11, 3, '2025-07-22 16:00:55'),
(61, 'SANTOS HOME PLAYER', 6, '16 18 20 2', 'WHITE', NULL, 'UMBRO', 17000.00, 3, 3, '2025-07-24 09:45:28'),
(62, 'SANTOS HOME FANS', 7, 'S M L XL X', 'WHITE', NULL, 'UMBRO', 17000.00, 0, 3, '2025-07-24 09:52:40'),
(63, 'MAN CITY PLAYER', 6, 'S M L XL X', 'WHITE', NULL, 'PUMA', 17000.00, 5, 3, '2025-07-24 09:56:16'),
(64, 'SANTOS WHITE VINTAGE', 10, 'S M L XL X', 'WHITE', NULL, 'UMBRO', 20000.00, 0, 3, '2025-07-24 10:04:08'),
(65, 'INTERMILLAN HOME PLAYER', 6, 'S M L XL X', 'BLUE', NULL, 'NIKE', 17000.00, 17, 3, '2025-07-24 10:14:51'),
(66, 'PSG 24/25', 7, 'S M L XL X', 'BLUE', NULL, 'NIKE', 17000.00, 4, 3, '2025-07-24 10:17:29'),
(67, 'PORTUGAL AWAY WATOTO', 9, 'S M L XL 2', 'WHITE', NULL, 'PUMA', 15000.00, 1, 3, '2025-07-24 10:25:09'),
(68, 'INTERMILLAN AWAY WATOTO', 9, 'S M L XL 2', 'WHITE', NULL, 'PUMA', 15000.00, 4, 3, '2025-07-24 10:27:31'),
(69, 'INTERMIAMI HOME WATOTO', 9, 'S M L XL 2', 'BLUE', NULL, 'PUMA', 15000.00, 17, 3, '2025-07-24 10:28:23'),
(70, 'BRASIL YA NJANO WATOTO', 9, '16 18 20 2', 'YELLOW', NULL, 'NIKE', 15000.00, 0, 3, '2025-07-24 10:31:14'),
(71, 'CAM MKUBWA', 7, 'S M L XL 2', 'BLACK', NULL, 'ADIDAS', 17000.00, 8, 3, '2025-07-24 10:32:02'),
(72, 'CAM MDOGO', 9, 'S M L XL 2', 'BLACK', NULL, 'ADIDAS', 15000.00, 5, 3, '2025-07-24 10:32:38'),
(73, 'INTERMIAMI HOME PINK WATOTO', 9, '16 18 20 2', 'PINK', NULL, 'NIKE', 15000.00, 0, 1, '2025-07-24 10:33:29'),
(74, 'MAN CITY NYEUPE MTOTO', 9, '16 18 20 2', 'WHITE', NULL, 'PUMA', 15000.00, 0, 3, '2025-07-24 10:34:16'),
(75, 'ARGENTINA MTOTO', 9, '16 18 20 2', 'WHITE', NULL, 'ADIDAS', 15000.00, 31, 3, '2025-07-24 10:34:59'),
(76, 'PSG WATOTO 24/25', 9, '16 18 20 2', 'WHITE', NULL, 'ADIDAS', 15000.00, 10, 3, '2025-07-24 10:37:23'),
(77, 'JUVENTUS WATOTO', 9, '16 18 20 2', 'WHITE', NULL, 'ADIDAS', 15000.00, 0, 3, '2025-07-24 10:38:06'),
(78, 'ATLETICO MADRID NYEKUNDU WATOTO', 9, 'S M L XL 2', 'RED', NULL, 'ADIDAS', 15000.00, 0, 3, '2025-07-24 10:41:02'),
(79, 'BAYERN AWAY WATOTO', 9, 'S M L XL 2', 'RED', NULL, 'ADIDAS', 15000.00, 11, 1, '2025-07-24 10:41:31'),
(80, 'CHELSEA HOME MTOTO', 9, 'S M L XL 2', 'RED', NULL, 'ADIDAS', 15000.00, 96, 3, '2025-07-24 10:42:53'),
(81, 'BARCELONA HOME WATOTO', 9, 'S M L XL 2', 'RED', NULL, 'ADIDAS', 15000.00, 213, 3, '2025-07-24 10:43:32'),
(82, 'BARCA LEFT MTOTO', 9, 'S M L XL 2', 'RED', NULL, 'NIKE', 15000.00, 10, 3, '2025-07-24 10:44:16'),
(83, 'REAL MADRID BLUE WATOTO', 9, 'S M L XL 2', 'BLUE', NULL, 'ADIDAS', 15000.00, 9, 3, '2025-07-24 10:45:17'),
(84, 'MAN U HOME WATOTO', 9, 'S M L XL 2', 'RED', NULL, 'ADIDAS', 15000.00, 101, 3, '2025-07-24 10:47:21'),
(85, 'ARSENAL WATOTO 24/25', 9, 'S M L XL 2', 'RED', NULL, 'ADIDAS', 15000.00, 29, 3, '2025-07-24 10:48:13'),
(86, 'MAN U BLACK WATOTO', 9, 'S M L XL 2', 'BLACK', NULL, 'ADIDAS', 15000.00, 19, 3, '2025-07-24 10:56:40'),
(87, 'LIVERPOOL GREEN FANS', 7, 'S M L XL 2', 'GREEN', NULL, 'ADIDAS', 17000.00, 22, 3, '2025-07-24 10:59:41'),
(88, 'PSG HOME WATOTO', 9, '16 18 20 2', 'BLUE', NULL, 'NIKE', 15000.00, 75, 3, '2025-07-24 17:17:13'),
(89, 'MAN CITY HOME WATOTO', 9, '16 18 20 2', 'BLUE', NULL, 'PUMA', 15000.00, 0, 3, '2025-07-24 17:19:42'),
(90, 'BAYERN MUNCHEN HOME WATOTO', 9, '16 18 20 2', 'BLUE', NULL, 'ADIDAS', 15000.00, 26, 3, '2025-07-24 17:23:34'),
(91, 'PORTUGAL HOME WATOTO', 9, '16 18 20 2', 'BLUE', NULL, 'PUMA', 15000.00, 29, 3, '2025-07-24 17:25:16'),
(92, 'ARSENAL HOME WATOTO', 9, '16 18 20 2', 'BLUE', NULL, 'ADIDAS', 15000.00, 0, 3, '2025-07-24 17:27:23'),
(93, 'AC MILAN HOME WATOTO', 9, '16 18 20 2', 'BLUE', NULL, 'PUMA', 15000.00, 0, 3, '2025-07-24 17:33:46'),
(94, 'ARSENAL AWAY PLAYER', 6, 'S M L XL 2', 'WHITE', NULL, 'ADIDAS', 17000.00, 0, 3, '2025-07-26 06:47:39'),
(95, 'REAL MADRID AWAY DARK BLUE WATOTO', 9, 'S M L XL 2', 'BLUE', NULL, 'ADIDAS', 15000.00, 0, 3, '2025-07-30 18:20:42'),
(96, 'LIVERPOOL HOME WATOTO', 9, 'S M L XL 2', 'RED', NULL, 'ADIDAS', 15000.00, 50, 3, '2025-07-30 18:30:03'),
(97, 'LIVERPOOL AWAY WATOTO', 9, 'S M L XL 2', 'WHITE', NULL, 'ADIDAS', 15000.00, 0, 3, '2025-07-30 18:30:37'),
(98, 'LIVERPOOL GREEN WATOTO', 9, 'S M L XL 2', 'GREEN', NULL, 'ADIDAS', 15000.00, 21, 3, '2025-07-30 18:33:33'),
(99, 'CHELSEA AWAY WATOTO', 9, 'S M L XL 2', 'GREEN', NULL, 'NIKE', 15000.00, 0, 3, '2025-07-30 18:39:02'),
(100, 'BARCELONA GREEN WATOTO', 9, 'S M L XL 2', 'GREEN', NULL, 'NIKE', 15000.00, 0, 3, '2025-07-30 18:50:12'),
(102, 'ARSENAL PLAYER 3rd KIT WHITE', 6, 'S M L XL 2', 'WHITE', NULL, 'ADIDAS', 17000.00, 0, 3, '2025-08-06 16:46:29'),
(103, 'MAN U HOME PLAYER', 6, 'S M L XL 2', 'RED', NULL, 'ADIDAS', 17000.00, 18, 3, '2025-08-06 16:56:19'),
(104, 'TOTTENHUM HOTSPURS HOME FANS', 7, 'S M L XL 2', 'RED', NULL, 'ADIDAS', 17000.00, 20, 3, '2025-08-07 16:12:57'),
(105, 'BRASIL HOME FANS', 7, 'S M L XL 2', 'YELLOW', NULL, 'ADIDAS', 17000.00, 68, 3, '2025-08-07 16:17:03'),
(106, 'BRASIL HOME FANS BLUE', 7, 'S M L XL 2', 'BLUE', NULL, 'ADIDAS', 17000.00, 20, 3, '2025-08-07 16:18:45'),
(107, 'GERMAN HOME FANS', 7, 'S M L XL 2', 'WHITE', NULL, 'ADIDAS', 17000.00, 25, 3, '2025-08-07 16:21:31'),
(108, 'ATHLETICO MADRID HOME PLAYER', 7, 'S M L XL 2', 'WHITE', NULL, 'ADIDAS', 17000.00, 18, 3, '2025-08-07 16:25:16'),
(109, 'NEWCASTLE HOME WATOTO', 9, '16 18 20 2', 'BLACK', NULL, 'ADIDAS', 15000.00, 0, 3, '2025-08-07 16:27:00'),
(110, 'NEWCASTLE HOME 24/25', 9, '16 18 20 2', 'BLACK', NULL, 'ADIDAS', 15000.00, 10, 3, '2025-08-07 16:28:42'),
(111, 'AC MILAN HOME FANS', 7, 'S M L XL 2', 'WHITE', NULL, 'PUMA', 17000.00, 17, 3, '2025-08-07 16:30:48'),
(112, 'AL-NASSR HOME WATOTO', 9, '16 18 20 2', 'WHITE', NULL, 'PUMA', 15000.00, 4, 3, '2025-08-07 16:33:16'),
(113, 'GERMAN HOME WATOTO', 9, '16 18 20 2', 'WHITE', NULL, 'PUMA', 15000.00, 0, 3, '2025-08-07 16:34:31'),
(114, 'LIVERPOOL BLACK WATOTO', 9, '16 18 20 2', 'BLACK', NULL, 'ADIDAS', 15000.00, 20, 3, '2025-08-07 16:36:07'),
(115, 'DORTMUND HOME WATOTO', 9, '16 18 20 2', 'YELLOW', NULL, 'PUMA', 15000.00, 0, 3, '2025-08-07 16:36:49'),
(116, 'MAN U AWAY WATOTO', 9, '16 18 20 2', 'WHITE', NULL, 'ADIDAS', 15000.00, 16, 3, '2025-08-07 16:43:09'),
(117, 'MAN CITY BLACK', 7, 'S M L XL 2', 'BLACK', NULL, 'PUMA', 17000.00, 9, 3, '2025-08-10 14:57:33'),
(118, 'ARSENAL BLUE FAN', 7, 'S M L XL 2', 'BLACK', NULL, 'ADIDAS', 17000.00, 2, 3, '2025-08-10 14:58:49'),
(119, 'ARSENAL VINTAGE', 10, 'S M L XL 2', 'WHITE', NULL, 'ADIDAS', 20000.00, 10, 3, '2025-08-10 15:00:34'),
(120, 'CHELSEA VINTAGE', 10, 'S M L XL 2', 'WHITE', NULL, 'UMBRO', 20000.00, 2, 3, '2025-08-10 15:01:40'),
(121, 'OLYMPIC MARSEILLE PLAYER', 6, 'S M L XL 2', 'BLUE', NULL, 'ADIDAS', 17000.00, 10, 3, '2025-08-10 15:04:16'),
(122, 'NEWCASTLE BLUE PLAYER', 6, 'S M L XL 2', 'BLUE', NULL, 'ADIDAS', 17000.00, 26, 3, '2025-08-10 15:06:06'),
(123, 'AJAX RED FANS', 7, 'S M L XL 2', 'RED', NULL, 'ADIDAS', 17000.00, 24, 3, '2025-08-10 15:07:57'),
(124, 'AJAX BLUE PLAYER', 6, 'S M L XL 2', 'RED', NULL, 'ADIDAS', 17000.00, 39, 3, '2025-08-10 15:15:40'),
(128, 'LIVERPOOL VINTAGE', 10, 'S M L XL X', 'WHITE', NULL, 'NIKE', 20000.00, 0, 3, '2025-08-11 16:54:51'),
(129, 'FC Porto', 7, 'S M L XL 2', '#3f248a', NULL, 'ADIDAS', 17000.00, 15, 3, '2025-08-13 16:33:27'),
(130, 'ATHLETICO CLUB', 7, 'S M L XL 2', 'BLUE', NULL, 'ADIDAS', 17000.00, 10, 3, '2025-08-13 16:34:15'),
(131, 'ATHLETICO MADRID AWAY', 7, 'S M L XL 2', '#3f248a', NULL, 'ADIDAS', 17000.00, 10, 1, '2025-08-13 16:34:56'),
(132, 'BARCELONA AWAY', 7, 'S M L XL 2', '#3f248a', NULL, 'ADIDAS', 17000.00, 0, 3, '2025-08-13 16:35:43'),
(133, 'BENFICA AWAY', 7, 'S M L XL 2', 'BLUE', NULL, 'ADIDAS', 17000.00, 10, 1, '2025-08-13 16:36:35'),
(134, 'BENFICA HOME', 7, 'S M L XL 2', 'BLUE', NULL, 'ADIDAS', 17000.00, 9, 1, '2025-08-13 16:37:05'),
(135, 'NEWCASTLE HOME', 7, 'S M L XL 2', '#3f248a', NULL, 'ADIDAS', 17000.00, 19, 2, '2025-08-13 16:51:57');

-- --------------------------------------------------------

--
-- Table structure for table `sales`
--

DROP TABLE IF EXISTS `sales`;
CREATE TABLE `sales` (
  `sale_id` int(11) NOT NULL,
  `product_id` int(11) DEFAULT NULL,
  `quantity` int(11) NOT NULL,
  `total_price` decimal(10,2) NOT NULL,
  `sale_status` enum('completed','pending','cancelled') DEFAULT 'completed',
  `winger_name` varchar(100) DEFAULT NULL,
  `winger_contact` varchar(20) DEFAULT NULL,
  `bond_item` varchar(200) DEFAULT NULL,
  `bond_value` decimal(10,2) DEFAULT NULL,
  `expected_return_date` date DEFAULT NULL,
  `notes` text DEFAULT NULL,
  `confirmed_at` timestamp NULL DEFAULT NULL,
  `confirmed_by` int(11) DEFAULT NULL,
  `payment_method` varchar(50) DEFAULT 'CASH',
  `sale_date` timestamp NOT NULL DEFAULT current_timestamp()
) ENGINE=InnoDB DEFAULT CHARSET=utf8mb4 COLLATE=utf8mb4_general_ci;

--
-- Dumping data for table `sales`
--

INSERT INTO `sales` (`sale_id`, `product_id`, `quantity`, `total_price`, `sale_status`, `winger_name`, `winger_contact`, `bond_item`, `bond_value`, `expected_return_date`, `notes`, `confirmed_at`, `confirmed_by`, `payment_method`, `sale_date`) VALUES
(12, 80, 1, 15000.00, 'completed', NULL, NULL, NULL, NULL, NULL, NULL, NULL, NULL, 'CASH', '2025-07-24 10:52:06'),
(13, 49, 1, 17000.00, 'completed', NULL, NULL, NULL, NULL, NULL, NULL, NULL, NULL, 'CASH', '2025-07-24 11:13:47'),
(14, 35, 1, 17000.00, 'completed', NULL, NULL, NULL, NULL, NULL, NULL, NULL, NULL, 'CASH', '2025-07-24 11:30:01'),
(15, 40, 2, 34000.00, 'completed', NULL, NULL, NULL, NULL, NULL, NULL, NULL, NULL, 'CASH', '2025-07-24 11:30:53'),
(16, 36, 1, 17000.00, 'completed', NULL, NULL, NULL, NULL, NULL, NULL, NULL, NULL, 'CASH', '2025-07-24 11:43:22'),
(17, 41, 2, 34000.00, 'completed', NULL, NULL, NULL, NULL, NULL, NULL, NULL, NULL, 'CASH', '2025-07-24 12:35:10'),
(18, 54, 1, 20000.00, 'completed', NULL, NULL, NULL, NULL, NULL, NULL, NULL, NULL, 'CASH', '2025-07-24 12:53:58'),
(20, 30, 1, 17000.00, 'completed', NULL, NULL, NULL, NULL, NULL, NULL, NULL, NULL, 'LIPA NUMBER', '2025-07-24 13:05:02'),
(21, 15, 1, 20000.00, 'completed', NULL, NULL, NULL, NULL, NULL, NULL, NULL, NULL, 'CASH', '2025-07-24 13:17:42'),
(22, 23, 2, 34000.00, 'completed', NULL, NULL, NULL, NULL, NULL, NULL, NULL, NULL, 'CASH', '2025-07-24 14:39:47'),
(23, 37, 1, 17000.00, 'completed', NULL, NULL, NULL, NULL, NULL, NULL, NULL, NULL, 'CASH', '2025-07-24 14:44:40'),
(24, 32, 1, 17000.00, 'completed', NULL, NULL, NULL, NULL, NULL, NULL, NULL, NULL, 'CASH', '2025-07-24 14:45:15'),
(25, 85, 3, 45000.00, 'completed', NULL, NULL, NULL, NULL, NULL, NULL, NULL, NULL, 'CASH', '2025-07-24 14:45:55'),
(26, 80, 1, 15000.00, 'completed', NULL, NULL, NULL, NULL, NULL, NULL, NULL, NULL, 'LIPA NUMBER', '2025-07-24 14:46:15'),
(27, 32, 1, 17000.00, 'completed', NULL, NULL, NULL, NULL, NULL, NULL, NULL, NULL, 'LIPA NUMBER', '2025-07-24 15:37:46'),
(28, 35, 1, 17000.00, 'completed', NULL, NULL, NULL, NULL, NULL, NULL, NULL, NULL, 'CASH', '2025-07-24 17:08:24'),
(29, 54, 1, 20000.00, 'completed', NULL, NULL, NULL, NULL, NULL, NULL, NULL, NULL, 'CASH', '2025-07-25 12:11:41'),
(30, 40, 2, 34000.00, 'completed', NULL, NULL, NULL, NULL, NULL, NULL, NULL, NULL, 'CASH', '2025-07-25 14:17:57'),
(31, 83, 1, 15000.00, 'completed', NULL, NULL, NULL, NULL, NULL, NULL, NULL, NULL, 'CASH', '2025-07-25 14:19:23'),
(32, 57, 2, 30000.00, 'completed', NULL, NULL, NULL, NULL, NULL, NULL, NULL, NULL, 'CASH', '2025-07-25 14:20:28'),
(33, 84, 1, 15000.00, 'completed', NULL, NULL, NULL, NULL, NULL, NULL, NULL, NULL, 'CASH', '2025-07-25 14:29:56'),
(34, 92, 1, 15000.00, 'completed', NULL, NULL, NULL, NULL, NULL, NULL, NULL, NULL, 'CASH', '2025-07-25 14:30:44'),
(35, 81, 2, 30000.00, 'completed', NULL, NULL, NULL, NULL, NULL, NULL, NULL, NULL, 'CASH', '2025-07-25 14:31:28'),
(36, 89, 1, 15000.00, 'completed', NULL, NULL, NULL, NULL, NULL, NULL, NULL, NULL, 'CASH', '2025-07-25 14:34:16'),
(37, 57, 1, 15000.00, 'completed', NULL, NULL, NULL, NULL, NULL, NULL, NULL, NULL, 'CASH', '2025-07-25 14:34:54'),
(38, 57, 1, 15000.00, 'completed', NULL, NULL, NULL, NULL, NULL, NULL, NULL, NULL, 'CASH', '2025-07-25 14:35:23'),
(39, 92, 1, 15000.00, 'completed', NULL, NULL, NULL, NULL, NULL, NULL, NULL, NULL, 'CASH', '2025-07-25 14:35:47'),
(40, 84, 1, 15000.00, 'completed', NULL, NULL, NULL, NULL, NULL, NULL, NULL, NULL, 'CASH', '2025-07-25 14:36:25'),
(41, 93, 1, 15000.00, 'completed', NULL, NULL, NULL, NULL, NULL, NULL, NULL, NULL, 'CASH', '2025-07-25 14:43:20'),
(42, 57, 2, 30000.00, 'completed', NULL, NULL, NULL, NULL, NULL, NULL, NULL, NULL, 'CASH', '2025-07-25 14:44:23'),
(43, 81, 1, 15000.00, 'completed', NULL, NULL, NULL, NULL, NULL, NULL, NULL, NULL, 'CASH', '2025-07-25 14:45:07'),
(44, 79, 1, 15000.00, 'completed', NULL, NULL, NULL, NULL, NULL, NULL, NULL, NULL, 'CASH', '2025-07-25 14:45:48'),
(45, 84, 5, 75000.00, 'completed', NULL, NULL, NULL, NULL, NULL, NULL, NULL, NULL, 'CASH', '2025-07-25 14:46:42'),
(46, 57, 1, 15000.00, 'completed', NULL, NULL, NULL, NULL, NULL, NULL, NULL, NULL, 'CASH', '2025-07-25 14:47:32'),
(47, 81, 1, 15000.00, 'completed', NULL, NULL, NULL, NULL, NULL, NULL, NULL, NULL, 'CASH', '2025-07-25 14:47:52'),
(48, 79, 1, 15000.00, 'completed', NULL, NULL, NULL, NULL, NULL, NULL, NULL, NULL, 'CASH', '2025-07-25 14:49:27'),
(49, 15, 1, 20000.00, 'completed', NULL, NULL, NULL, NULL, NULL, NULL, NULL, NULL, 'CASH', '2025-07-25 14:50:09'),
(50, 15, 1, 20000.00, 'completed', NULL, NULL, NULL, NULL, NULL, NULL, NULL, NULL, 'CASH', '2025-07-25 14:51:09'),
(51, 57, 1, 15000.00, 'completed', NULL, NULL, NULL, NULL, NULL, NULL, NULL, NULL, 'CASH', '2025-07-25 14:52:27'),
(52, 15, 1, 22000.00, 'completed', NULL, NULL, NULL, NULL, NULL, NULL, NULL, NULL, 'CASH', '2025-07-25 14:53:39'),
(53, 15, 3, 60000.00, 'completed', NULL, NULL, NULL, NULL, NULL, NULL, NULL, NULL, 'CASH', '2025-07-25 14:54:36'),
(54, 35, 1, 17000.00, 'completed', NULL, NULL, NULL, NULL, NULL, NULL, NULL, NULL, 'CASH', '2025-07-25 14:55:07'),
(55, 35, 2, 34000.00, 'completed', NULL, NULL, NULL, NULL, NULL, NULL, NULL, NULL, 'CASH', '2025-07-25 16:34:47'),
(56, 57, 1, 15000.00, 'completed', NULL, NULL, NULL, NULL, NULL, NULL, NULL, NULL, 'CASH', '2025-07-25 16:35:36'),
(57, 49, 1, 17000.00, 'completed', NULL, NULL, NULL, NULL, NULL, NULL, NULL, NULL, 'CASH', '2025-07-25 16:36:29'),
(58, 29, 1, 17000.00, 'completed', NULL, NULL, NULL, NULL, NULL, NULL, NULL, NULL, 'CASH', '2025-07-25 16:36:51'),
(59, 55, 2, 34000.00, 'completed', NULL, NULL, NULL, NULL, NULL, NULL, NULL, NULL, 'CASH', '2025-07-25 16:37:18'),
(60, 28, 1, 17000.00, 'completed', NULL, NULL, NULL, NULL, NULL, NULL, NULL, NULL, 'CASH', '2025-07-25 16:38:32'),
(61, 92, 15, 225000.00, 'completed', NULL, NULL, NULL, NULL, NULL, NULL, NULL, NULL, 'CASH', '2025-07-25 16:49:16'),
(62, 92, 1, 15000.00, 'completed', NULL, NULL, NULL, NULL, NULL, NULL, NULL, NULL, 'CASH', '2025-07-26 20:24:43'),
(63, 91, 1, 15000.00, 'completed', NULL, NULL, NULL, NULL, NULL, NULL, NULL, NULL, 'CASH', '2025-07-26 20:25:00'),
(64, 75, 1, 15000.00, 'completed', NULL, NULL, NULL, NULL, NULL, NULL, NULL, NULL, 'CASH', '2025-07-26 20:25:24'),
(65, 35, 1, 16000.00, 'completed', NULL, NULL, NULL, NULL, NULL, NULL, NULL, NULL, 'CASH', '2025-07-26 20:26:08'),
(66, 18, 1, 16000.00, 'completed', NULL, NULL, NULL, NULL, NULL, NULL, NULL, NULL, 'CASH', '2025-07-26 20:27:11'),
(67, 81, 1, 15000.00, 'completed', NULL, NULL, NULL, NULL, NULL, NULL, NULL, NULL, 'CASH', '2025-07-26 20:27:43'),
(68, 35, 1, 17000.00, 'completed', NULL, NULL, NULL, NULL, NULL, NULL, NULL, NULL, 'CASH', '2025-07-26 20:29:15'),
(69, 89, 1, 15000.00, 'completed', NULL, NULL, NULL, NULL, NULL, NULL, NULL, NULL, 'CASH', '2025-07-26 20:30:48'),
(70, 81, 1, 15000.00, 'completed', NULL, NULL, NULL, NULL, NULL, NULL, NULL, NULL, 'CASH', '2025-07-26 20:31:24'),
(71, 57, 1, 15000.00, 'completed', NULL, NULL, NULL, NULL, NULL, NULL, NULL, NULL, 'CASH', '2025-07-26 20:32:33'),
(72, 79, 1, 15000.00, 'completed', NULL, NULL, NULL, NULL, NULL, NULL, NULL, NULL, 'CASH', '2025-07-26 20:33:33'),
(73, 76, 1, 15000.00, 'completed', NULL, NULL, NULL, NULL, NULL, NULL, NULL, NULL, 'CASH', '2025-07-26 20:35:17'),
(74, 83, 1, 15000.00, 'completed', NULL, NULL, NULL, NULL, NULL, NULL, NULL, NULL, 'CASH', '2025-07-26 20:36:00'),
(75, 67, 1, 15000.00, 'completed', NULL, NULL, NULL, NULL, NULL, NULL, NULL, NULL, 'CASH', '2025-07-26 20:36:21'),
(76, 45, 1, 17000.00, 'completed', NULL, NULL, NULL, NULL, NULL, NULL, NULL, NULL, 'CASH', '2025-07-26 20:38:02'),
(77, 81, 1, 15000.00, 'completed', NULL, NULL, NULL, NULL, NULL, NULL, NULL, NULL, 'CASH', '2025-07-26 20:39:12'),
(78, 57, 1, 15000.00, 'completed', NULL, NULL, NULL, NULL, NULL, NULL, NULL, NULL, 'CASH', '2025-07-26 20:39:38'),
(79, 57, 15, 210000.00, 'completed', NULL, NULL, NULL, NULL, NULL, NULL, NULL, NULL, 'CASH', '2025-07-26 20:40:30'),
(80, 37, 1, 17000.00, 'completed', NULL, NULL, NULL, NULL, NULL, NULL, NULL, NULL, 'CASH', '2025-07-26 20:41:38'),
(81, 80, 1, 15000.00, 'completed', NULL, NULL, NULL, NULL, NULL, NULL, NULL, NULL, 'CASH', '2025-07-26 20:42:35'),
(82, 83, 1, 15000.00, 'completed', NULL, NULL, NULL, NULL, NULL, NULL, NULL, NULL, 'CASH', '2025-07-26 20:46:28'),
(83, 89, 1, 15000.00, 'completed', NULL, NULL, NULL, NULL, NULL, NULL, NULL, NULL, 'CASH', '2025-07-26 20:46:58'),
(84, 81, 1, 15000.00, 'completed', NULL, NULL, NULL, NULL, NULL, NULL, NULL, NULL, 'CASH', '2025-07-26 20:47:33'),
(85, 78, 1, 15000.00, 'completed', NULL, NULL, NULL, NULL, NULL, NULL, NULL, NULL, 'CASH', '2025-07-26 20:48:02'),
(86, 78, 1, 15000.00, 'completed', NULL, NULL, NULL, NULL, NULL, NULL, NULL, NULL, 'CASH', '2025-07-26 20:48:18'),
(87, 40, 1, 17000.00, 'completed', NULL, NULL, NULL, NULL, NULL, NULL, NULL, NULL, 'CASH', '2025-07-26 20:48:39'),
(88, 17, 1, 17000.00, 'completed', NULL, NULL, NULL, NULL, NULL, NULL, NULL, NULL, 'CASH', '2025-07-26 20:49:18'),
(89, 35, 3, 51000.00, 'completed', NULL, NULL, NULL, NULL, NULL, NULL, NULL, NULL, 'CASH', '2025-07-26 20:49:52'),
(90, 54, 1, 20000.00, 'completed', NULL, NULL, NULL, NULL, NULL, NULL, NULL, NULL, 'CASH', '2025-07-26 20:50:14'),
(91, 89, 1, 15000.00, 'completed', NULL, NULL, NULL, NULL, NULL, NULL, NULL, NULL, 'CASH', '2025-07-26 20:50:39'),
(92, 81, 1, 15000.00, 'completed', NULL, NULL, NULL, NULL, NULL, NULL, NULL, NULL, 'CASH', '2025-07-26 20:51:05'),
(93, 45, 1, 17000.00, 'completed', NULL, NULL, NULL, NULL, NULL, NULL, NULL, NULL, 'CASH', '2025-07-26 20:51:25'),
(94, 58, 1, 15000.00, 'completed', NULL, NULL, NULL, NULL, NULL, NULL, NULL, NULL, 'CASH', '2025-07-26 20:52:44'),
(95, 57, 1, 15000.00, 'completed', NULL, NULL, NULL, NULL, NULL, NULL, NULL, NULL, 'CASH', '2025-07-26 20:53:05'),
(96, 89, 1, 15000.00, 'completed', NULL, NULL, NULL, NULL, NULL, NULL, NULL, NULL, 'CASH', '2025-07-26 20:53:27'),
(97, 88, 1, 15000.00, 'completed', NULL, NULL, NULL, NULL, NULL, NULL, NULL, NULL, 'CASH', '2025-07-26 20:54:02'),
(98, 58, 1, 15000.00, 'completed', NULL, NULL, NULL, NULL, NULL, NULL, NULL, NULL, 'CASH', '2025-07-26 20:54:31'),
(99, 91, 1, 15000.00, 'completed', NULL, NULL, NULL, NULL, NULL, NULL, NULL, NULL, 'CASH', '2025-07-26 20:54:54'),
(100, 89, 1, 15000.00, 'completed', NULL, NULL, NULL, NULL, NULL, NULL, NULL, NULL, 'CASH', '2025-07-26 20:55:19'),
(101, 74, 1, 15000.00, 'completed', NULL, NULL, NULL, NULL, NULL, NULL, NULL, NULL, 'CASH', '2025-07-26 20:55:43'),
(102, 92, 2, 30000.00, 'completed', NULL, NULL, NULL, NULL, NULL, NULL, NULL, NULL, 'CASH', '2025-07-26 20:56:06'),
(103, 35, 1, 17000.00, 'completed', NULL, NULL, NULL, NULL, NULL, NULL, NULL, NULL, 'CASH', '2025-07-27 18:59:23'),
(104, 57, 1, 15000.00, 'completed', NULL, NULL, NULL, NULL, NULL, NULL, NULL, NULL, 'CASH', '2025-07-27 19:00:07'),
(105, 49, 1, 17000.00, 'completed', NULL, NULL, NULL, NULL, NULL, NULL, NULL, NULL, 'CASH', '2025-07-27 19:00:35'),
(106, 15, 1, 20000.00, 'completed', NULL, NULL, NULL, NULL, NULL, NULL, NULL, NULL, 'CASH', '2025-07-27 19:01:11'),
(107, 89, 1, 15000.00, 'completed', NULL, NULL, NULL, NULL, NULL, NULL, NULL, NULL, 'CASH', '2025-07-27 19:01:37'),
(108, 81, 1, 15000.00, 'completed', NULL, NULL, NULL, NULL, NULL, NULL, NULL, NULL, 'CASH', '2025-07-27 19:02:04'),
(109, 89, 1, 15000.00, 'completed', NULL, NULL, NULL, NULL, NULL, NULL, NULL, NULL, 'CASH', '2025-07-27 19:02:42'),
(110, 92, 1, 15000.00, 'completed', NULL, NULL, NULL, NULL, NULL, NULL, NULL, NULL, 'CASH', '2025-07-27 19:03:03'),
(111, 58, 1, 15000.00, 'completed', NULL, NULL, NULL, NULL, NULL, NULL, NULL, NULL, 'CASH', '2025-07-27 19:04:31'),
(112, 57, 10, 150000.00, 'completed', NULL, NULL, NULL, NULL, NULL, NULL, NULL, NULL, 'CASH', '2025-07-27 19:04:59'),
(113, 81, 10, 150000.00, 'completed', NULL, NULL, NULL, NULL, NULL, NULL, NULL, NULL, 'CASH', '2025-07-27 19:05:23'),
(114, 84, 1, 15000.00, 'completed', NULL, NULL, NULL, NULL, NULL, NULL, NULL, NULL, 'CASH', '2025-07-27 19:06:02'),
(115, 37, 2, 34000.00, 'completed', NULL, NULL, NULL, NULL, NULL, NULL, NULL, NULL, 'CASH', '2025-07-27 19:07:15'),
(116, 23, 6, 102000.00, 'completed', NULL, NULL, NULL, NULL, NULL, NULL, NULL, NULL, 'CASH', '2025-07-27 19:07:58'),
(117, 29, 1, 17000.00, 'completed', NULL, NULL, NULL, NULL, NULL, NULL, NULL, NULL, 'CASH', '2025-07-27 19:08:35'),
(118, 92, 1, 15000.00, 'completed', NULL, NULL, NULL, NULL, NULL, NULL, NULL, NULL, 'CASH', '2025-07-28 07:57:34'),
(119, 82, 1, 15000.00, 'completed', NULL, NULL, NULL, NULL, NULL, NULL, NULL, NULL, 'CASH', '2025-07-28 08:15:37'),
(120, 37, 1, 17000.00, 'completed', NULL, NULL, NULL, NULL, NULL, NULL, NULL, NULL, 'CASH', '2025-07-28 08:16:30'),
(121, 35, 1, 17000.00, 'completed', NULL, NULL, NULL, NULL, NULL, NULL, NULL, NULL, 'LIPA NUMBER', '2025-07-28 08:44:03'),
(122, 35, 1, 17000.00, 'completed', NULL, NULL, NULL, NULL, NULL, NULL, NULL, NULL, 'CASH', '2025-07-28 09:06:25'),
(123, 46, 1, 17000.00, 'completed', NULL, NULL, NULL, NULL, NULL, NULL, NULL, NULL, 'CASH', '2025-07-28 09:43:31'),
(124, 37, 3, 51000.00, 'completed', NULL, NULL, NULL, NULL, NULL, NULL, NULL, NULL, 'CASH', '2025-07-28 10:43:21'),
(125, 81, 1, 15000.00, 'completed', NULL, NULL, NULL, NULL, NULL, NULL, NULL, NULL, 'CASH', '2025-07-28 14:06:35'),
(126, 15, 1, 22000.00, 'completed', NULL, NULL, NULL, NULL, NULL, NULL, NULL, NULL, 'CASH', '2025-07-28 14:07:05'),
(127, 57, 5, 75000.00, 'completed', NULL, NULL, NULL, NULL, NULL, NULL, NULL, NULL, 'CASH', '2025-07-28 14:07:38'),
(128, 35, 1, 17000.00, 'completed', NULL, NULL, NULL, NULL, NULL, NULL, NULL, NULL, 'CASH', '2025-07-28 14:08:42'),
(129, 35, 1, 17000.00, 'completed', NULL, NULL, NULL, NULL, NULL, NULL, NULL, NULL, 'CASH', '2025-07-28 14:09:00'),
(130, 40, 1, 17000.00, 'completed', NULL, NULL, NULL, NULL, NULL, NULL, NULL, NULL, 'CASH', '2025-07-28 14:09:47'),
(131, 36, 3, 51000.00, 'completed', NULL, NULL, NULL, NULL, NULL, NULL, NULL, NULL, 'CASH', '2025-07-28 14:10:22'),
(132, 24, 1, 17000.00, 'completed', NULL, NULL, NULL, NULL, NULL, NULL, NULL, NULL, 'CASH', '2025-07-28 14:10:50'),
(133, 23, 2, 34000.00, 'completed', NULL, NULL, NULL, NULL, NULL, NULL, NULL, NULL, 'CASH', '2025-07-28 14:11:22'),
(134, 29, 2, 34000.00, 'completed', NULL, NULL, NULL, NULL, NULL, NULL, NULL, NULL, 'CASH', '2025-07-28 14:12:05'),
(135, 17, 2, 34000.00, 'completed', NULL, NULL, NULL, NULL, NULL, NULL, NULL, NULL, 'CASH', '2025-07-28 14:12:55'),
(136, 23, 2, 34000.00, 'completed', NULL, NULL, NULL, NULL, NULL, NULL, NULL, NULL, 'CASH', '2025-07-28 14:13:53'),
(137, 49, 2, 34000.00, 'completed', NULL, NULL, NULL, NULL, NULL, NULL, NULL, NULL, 'CASH', '2025-07-28 14:31:05'),
(138, 84, 1, 15000.00, 'completed', NULL, NULL, NULL, NULL, NULL, NULL, NULL, NULL, 'CASH', '2025-07-28 14:32:03'),
(139, 37, 1, 17000.00, 'completed', NULL, NULL, NULL, NULL, NULL, NULL, NULL, NULL, 'CASH', '2025-07-28 14:33:13'),
(140, 53, 1, 20000.00, 'completed', NULL, NULL, NULL, NULL, NULL, NULL, NULL, NULL, 'CASH', '2025-07-28 14:33:36'),
(141, 81, 1, 15000.00, 'completed', NULL, NULL, NULL, NULL, NULL, NULL, NULL, NULL, 'CASH', '2025-07-28 16:02:25'),
(142, 28, 2, 34000.00, 'completed', NULL, NULL, NULL, NULL, NULL, NULL, NULL, NULL, 'CASH', '2025-07-28 16:02:55'),
(143, 51, 2, 34000.00, 'completed', NULL, NULL, NULL, NULL, NULL, NULL, NULL, NULL, 'CASH', '2025-07-28 16:03:18'),
(144, 58, 1, 15000.00, 'completed', NULL, NULL, NULL, NULL, NULL, NULL, NULL, NULL, 'CASH', '2025-07-28 16:04:02'),
(145, 57, 2, 30000.00, 'completed', NULL, NULL, NULL, NULL, NULL, NULL, NULL, NULL, 'CASH', '2025-07-28 16:04:34'),
(146, 88, 1, 15000.00, 'completed', NULL, NULL, NULL, NULL, NULL, NULL, NULL, NULL, 'CASH', '2025-07-28 16:04:55'),
(147, 81, 1, 15000.00, 'completed', NULL, NULL, NULL, NULL, NULL, NULL, NULL, NULL, 'CASH', '2025-07-28 16:05:36'),
(148, 91, 1, 15000.00, 'completed', NULL, NULL, NULL, NULL, NULL, NULL, NULL, NULL, 'CASH', '2025-07-28 16:08:52'),
(149, 80, 4, 60000.00, 'completed', NULL, NULL, NULL, NULL, NULL, NULL, NULL, NULL, 'CASH', '2025-07-29 20:06:51'),
(150, 57, 1, 15000.00, 'completed', NULL, NULL, NULL, NULL, NULL, NULL, NULL, NULL, 'CASH', '2025-07-29 20:07:12'),
(151, 80, 1, 15000.00, 'completed', NULL, NULL, NULL, NULL, NULL, NULL, NULL, NULL, 'CASH', '2025-07-29 20:07:35'),
(152, 81, 1, 15000.00, 'completed', NULL, NULL, NULL, NULL, NULL, NULL, NULL, NULL, 'CASH', '2025-07-29 20:07:53'),
(153, 84, 1, 15000.00, 'completed', NULL, NULL, NULL, NULL, NULL, NULL, NULL, NULL, 'CASH', '2025-07-29 20:08:23'),
(154, 35, 1, 17000.00, 'completed', NULL, NULL, NULL, NULL, NULL, NULL, NULL, NULL, 'CASH', '2025-07-29 20:08:56'),
(155, 35, 12, 192000.00, 'completed', NULL, NULL, NULL, NULL, NULL, NULL, NULL, NULL, 'CASH', '2025-07-29 20:09:23'),
(156, 35, 5, 80000.00, 'completed', NULL, NULL, NULL, NULL, NULL, NULL, NULL, NULL, 'CASH', '2025-07-29 20:10:20'),
(157, 29, 1, 17000.00, 'completed', NULL, NULL, NULL, NULL, NULL, NULL, NULL, NULL, 'CASH', '2025-07-29 20:10:57'),
(158, 21, 1, 17000.00, 'completed', NULL, NULL, NULL, NULL, NULL, NULL, NULL, NULL, 'CASH', '2025-07-29 20:11:25'),
(159, 14, 1, 17000.00, 'completed', NULL, NULL, NULL, NULL, NULL, NULL, NULL, NULL, 'CASH', '2025-07-29 20:12:11'),
(160, 81, 1, 15000.00, 'completed', NULL, NULL, NULL, NULL, NULL, NULL, NULL, NULL, 'CASH', '2025-07-29 20:12:44'),
(161, 84, 2, 30000.00, 'completed', NULL, NULL, NULL, NULL, NULL, NULL, NULL, NULL, 'CASH', '2025-07-29 20:13:22'),
(162, 84, 1, 15000.00, 'completed', NULL, NULL, NULL, NULL, NULL, NULL, NULL, NULL, 'CASH', '2025-07-29 20:14:05'),
(163, 57, 1, 15000.00, 'completed', NULL, NULL, NULL, NULL, NULL, NULL, NULL, NULL, 'CASH', '2025-07-29 20:14:36'),
(164, 80, 2, 30000.00, 'completed', NULL, NULL, NULL, NULL, NULL, NULL, NULL, NULL, 'CASH', '2025-07-29 20:15:02'),
(165, 81, 1, 15000.00, 'completed', NULL, NULL, NULL, NULL, NULL, NULL, NULL, NULL, 'CASH', '2025-07-29 20:15:47'),
(166, 84, 1, 15000.00, 'completed', NULL, NULL, NULL, NULL, NULL, NULL, NULL, NULL, 'CASH', '2025-07-29 20:16:15'),
(167, 57, 1, 15000.00, 'completed', NULL, NULL, NULL, NULL, NULL, NULL, NULL, NULL, 'CASH', '2025-07-29 20:16:43'),
(168, 88, 1, 15000.00, 'completed', NULL, NULL, NULL, NULL, NULL, NULL, NULL, NULL, 'CASH', '2025-07-29 20:16:58'),
(169, 88, 1, 15000.00, 'completed', NULL, NULL, NULL, NULL, NULL, NULL, NULL, NULL, 'CASH', '2025-07-29 20:17:10'),
(170, 79, 1, 15000.00, 'completed', NULL, NULL, NULL, NULL, NULL, NULL, NULL, NULL, 'CASH', '2025-07-29 20:17:29'),
(171, 81, 1, 15000.00, 'completed', NULL, NULL, NULL, NULL, NULL, NULL, NULL, NULL, 'CASH', '2025-07-29 20:18:12'),
(172, 91, 1, 15000.00, 'completed', NULL, NULL, NULL, NULL, NULL, NULL, NULL, NULL, 'CASH', '2025-07-29 20:18:35'),
(173, 70, 1, 15000.00, 'completed', NULL, NULL, NULL, NULL, NULL, NULL, NULL, NULL, 'CASH', '2025-07-29 20:19:02'),
(174, 32, 1, 17000.00, 'completed', NULL, NULL, NULL, NULL, NULL, NULL, NULL, NULL, 'CASH', '2025-07-29 20:19:31'),
(175, 17, 2, 34000.00, 'completed', NULL, NULL, NULL, NULL, NULL, NULL, NULL, NULL, 'CASH', '2025-07-29 20:20:13'),
(176, 37, 1, 17000.00, 'completed', NULL, NULL, NULL, NULL, NULL, NULL, NULL, NULL, 'CASH', '2025-07-29 20:20:44'),
(177, 80, 1, 15000.00, 'completed', NULL, NULL, NULL, NULL, NULL, NULL, NULL, NULL, 'CASH', '2025-07-29 20:21:08'),
(178, 73, 1, 15000.00, 'completed', NULL, NULL, NULL, NULL, NULL, NULL, NULL, NULL, 'CASH', '2025-07-30 11:52:00'),
(179, 14, 1, 17000.00, 'completed', NULL, NULL, NULL, NULL, NULL, NULL, NULL, NULL, 'CASH', '2025-07-30 11:53:10'),
(180, 15, 1, 20000.00, 'completed', NULL, NULL, NULL, NULL, NULL, NULL, NULL, NULL, 'CASH', '2025-07-30 11:54:07'),
(181, 82, 1, 15000.00, 'completed', NULL, NULL, NULL, NULL, NULL, NULL, NULL, NULL, 'CASH', '2025-07-30 11:55:01'),
(182, 44, 1, 17000.00, 'completed', NULL, NULL, NULL, NULL, NULL, NULL, NULL, NULL, 'CASH', '2025-07-30 11:56:01'),
(183, 81, 1, 15000.00, 'completed', NULL, NULL, NULL, NULL, NULL, NULL, NULL, NULL, 'CASH', '2025-07-30 11:56:57'),
(184, 57, 1, 15000.00, 'completed', NULL, NULL, NULL, NULL, NULL, NULL, NULL, NULL, 'CASH', '2025-07-30 12:09:29'),
(185, 88, 1, 15000.00, 'completed', NULL, NULL, NULL, NULL, NULL, NULL, NULL, NULL, 'CASH', '2025-07-30 14:07:32'),
(186, 18, 1, 17000.00, 'completed', NULL, NULL, NULL, NULL, NULL, NULL, NULL, NULL, 'CASH', '2025-07-30 14:09:23'),
(187, 15, 1, 20000.00, 'completed', NULL, NULL, NULL, NULL, NULL, NULL, NULL, NULL, 'CASH', '2025-07-30 14:10:44'),
(188, 35, 1, 17000.00, 'completed', NULL, NULL, NULL, NULL, NULL, NULL, NULL, NULL, 'CASH', '2025-07-30 14:38:57'),
(189, 49, 1, 17000.00, 'completed', NULL, NULL, NULL, NULL, NULL, NULL, NULL, NULL, 'CASH', '2025-07-30 14:39:53'),
(190, 80, 3, 45000.00, 'completed', NULL, NULL, NULL, NULL, NULL, NULL, NULL, NULL, 'LIPA NUMBER', '2025-07-30 14:54:32'),
(191, 15, 1, 20000.00, 'completed', NULL, NULL, NULL, NULL, NULL, NULL, NULL, NULL, 'CASH', '2025-07-30 15:06:21'),
(192, 53, 1, 20000.00, 'completed', NULL, NULL, NULL, NULL, NULL, NULL, NULL, NULL, 'CASH', '2025-07-30 15:47:14'),
(193, 54, 1, 20000.00, 'completed', NULL, NULL, NULL, NULL, NULL, NULL, NULL, NULL, 'CASH', '2025-07-30 16:33:10'),
(194, 54, 3, 60000.00, 'completed', NULL, NULL, NULL, NULL, NULL, NULL, NULL, NULL, 'CASH', '2025-07-31 15:13:44'),
(195, 80, 1, 15000.00, 'completed', NULL, NULL, NULL, NULL, NULL, NULL, NULL, NULL, 'CASH', '2025-07-31 15:14:17'),
(196, 15, 1, 20000.00, 'completed', NULL, NULL, NULL, NULL, NULL, NULL, NULL, NULL, 'CASH', '2025-07-31 15:14:49'),
(197, 81, 2, 30000.00, 'completed', NULL, NULL, NULL, NULL, NULL, NULL, NULL, NULL, 'CASH', '2025-07-31 15:15:20'),
(198, 84, 1, 15000.00, 'completed', NULL, NULL, NULL, NULL, NULL, NULL, NULL, NULL, 'CASH', '2025-07-31 15:16:34'),
(199, 84, 1, 15000.00, 'completed', NULL, NULL, NULL, NULL, NULL, NULL, NULL, NULL, 'CASH', '2025-07-31 15:18:53'),
(200, 88, 1, 15000.00, 'completed', NULL, NULL, NULL, NULL, NULL, NULL, NULL, NULL, 'CASH', '2025-07-31 15:19:55'),
(201, 57, 2, 30000.00, 'completed', NULL, NULL, NULL, NULL, NULL, NULL, NULL, NULL, 'CASH', '2025-07-31 15:22:56'),
(202, 80, 1, 15000.00, 'completed', NULL, NULL, NULL, NULL, NULL, NULL, NULL, NULL, 'CASH', '2025-07-31 15:24:18'),
(203, 100, 1, 15000.00, 'completed', NULL, NULL, NULL, NULL, NULL, NULL, NULL, NULL, 'CASH', '2025-07-31 15:25:14'),
(204, 15, 1, 20000.00, 'completed', NULL, NULL, NULL, NULL, NULL, NULL, NULL, NULL, 'CASH', '2025-07-31 15:26:27'),
(205, 18, 4, 64000.00, 'completed', NULL, NULL, NULL, NULL, NULL, NULL, NULL, NULL, 'CASH', '2025-07-31 15:31:20'),
(206, 88, 1, 15000.00, 'completed', NULL, NULL, NULL, NULL, NULL, NULL, NULL, NULL, 'CASH', '2025-07-31 15:31:55'),
(207, 80, 1, 15000.00, 'completed', NULL, NULL, NULL, NULL, NULL, NULL, NULL, NULL, 'CASH', '2025-07-31 15:32:48'),
(208, 79, 1, 15000.00, 'completed', NULL, NULL, NULL, NULL, NULL, NULL, NULL, NULL, 'CASH', '2025-07-31 15:33:14'),
(209, 96, 1, 15000.00, 'completed', NULL, NULL, NULL, NULL, NULL, NULL, NULL, NULL, 'CASH', '2025-07-31 15:33:50'),
(210, 74, 1, 15000.00, 'completed', NULL, NULL, NULL, NULL, NULL, NULL, NULL, NULL, 'CASH', '2025-07-31 15:34:43'),
(211, 95, 1, 15000.00, 'completed', NULL, NULL, NULL, NULL, NULL, NULL, NULL, NULL, 'CASH', '2025-07-31 15:43:40'),
(212, 57, 1, 15000.00, 'completed', NULL, NULL, NULL, NULL, NULL, NULL, NULL, NULL, 'CASH', '2025-07-31 15:44:16'),
(213, 92, 1, 15000.00, 'completed', NULL, NULL, NULL, NULL, NULL, NULL, NULL, NULL, 'CASH', '2025-07-31 15:44:48'),
(214, 80, 3, 45000.00, 'completed', NULL, NULL, NULL, NULL, NULL, NULL, NULL, NULL, 'CASH', '2025-07-31 15:45:12'),
(215, 80, 2, 30000.00, 'completed', NULL, NULL, NULL, NULL, NULL, NULL, NULL, NULL, 'CASH', '2025-07-31 15:45:38'),
(216, 35, 1, 17000.00, 'completed', NULL, NULL, NULL, NULL, NULL, NULL, NULL, NULL, 'CASH', '2025-07-31 15:47:52'),
(217, 84, 1, 15000.00, 'completed', NULL, NULL, NULL, NULL, NULL, NULL, NULL, NULL, 'CASH', '2025-07-31 15:48:21'),
(218, 57, 1, 15000.00, 'completed', NULL, NULL, NULL, NULL, NULL, NULL, NULL, NULL, 'CASH', '2025-07-31 15:48:55'),
(219, 67, 1, 15000.00, 'completed', NULL, NULL, NULL, NULL, NULL, NULL, NULL, NULL, 'CASH', '2025-07-31 15:49:19'),
(220, 57, 2, 30000.00, 'completed', NULL, NULL, NULL, NULL, NULL, NULL, NULL, NULL, 'CASH', '2025-07-31 15:50:16'),
(221, 98, 1, 15000.00, 'completed', NULL, NULL, NULL, NULL, NULL, NULL, NULL, NULL, 'CASH', '2025-07-31 15:50:51'),
(222, 14, 1, 20000.00, 'completed', NULL, NULL, NULL, NULL, NULL, NULL, NULL, NULL, 'CASH', '2025-07-31 15:52:03'),
(223, 84, 1, 15000.00, 'completed', NULL, NULL, NULL, NULL, NULL, NULL, NULL, NULL, 'CASH', '2025-07-31 15:52:46'),
(224, 84, 1, 15000.00, 'completed', NULL, NULL, NULL, NULL, NULL, NULL, NULL, NULL, 'CASH', '2025-07-31 15:53:13'),
(225, 81, 1, 15000.00, 'completed', NULL, NULL, NULL, NULL, NULL, NULL, NULL, NULL, 'CASH', '2025-07-31 15:54:03'),
(226, 84, 7, 105000.00, 'completed', NULL, NULL, NULL, NULL, NULL, NULL, NULL, NULL, 'CASH', '2025-07-31 15:54:45'),
(227, 57, 3, 45000.00, 'completed', NULL, NULL, NULL, NULL, NULL, NULL, NULL, NULL, 'CASH', '2025-07-31 15:55:20'),
(228, 92, 4, 60000.00, 'completed', NULL, NULL, NULL, NULL, NULL, NULL, NULL, NULL, 'CASH', '2025-07-31 15:55:47'),
(229, 89, 1, 15000.00, 'completed', NULL, NULL, NULL, NULL, NULL, NULL, NULL, NULL, 'CASH', '2025-07-31 15:56:19'),
(230, 80, 3, 45000.00, 'completed', NULL, NULL, NULL, NULL, NULL, NULL, NULL, NULL, 'CASH', '2025-07-31 15:56:47'),
(231, 61, 15, 247500.00, 'completed', NULL, NULL, NULL, NULL, NULL, NULL, NULL, NULL, 'CASH', '2025-07-31 15:57:45'),
(232, 62, 10, 165000.00, 'completed', NULL, NULL, NULL, NULL, NULL, NULL, NULL, NULL, 'CASH', '2025-07-31 15:58:34'),
(233, 100, 2, 30000.00, 'completed', NULL, NULL, NULL, NULL, NULL, NULL, NULL, NULL, 'CASH', '2025-07-31 15:59:22'),
(234, 57, 3, 45000.00, 'completed', NULL, NULL, NULL, NULL, NULL, NULL, NULL, NULL, 'CASH', '2025-07-31 16:00:16'),
(235, 92, 3, 45000.00, 'completed', NULL, NULL, NULL, NULL, NULL, NULL, NULL, NULL, 'CASH', '2025-07-31 16:00:45'),
(236, 81, 4, 60000.00, 'completed', NULL, NULL, NULL, NULL, NULL, NULL, NULL, NULL, 'CASH', '2025-07-31 16:01:22'),
(237, 98, 1, 15000.00, 'completed', NULL, NULL, NULL, NULL, NULL, NULL, NULL, NULL, 'CASH', '2025-07-31 16:04:30'),
(238, 91, 1, 15000.00, 'completed', NULL, NULL, NULL, NULL, NULL, NULL, NULL, NULL, 'CASH', '2025-07-31 16:05:39'),
(239, 15, 1, 20000.00, 'completed', NULL, NULL, NULL, NULL, NULL, NULL, NULL, NULL, 'CASH', '2025-07-31 16:07:05'),
(242, 98, 10, 145000.00, 'completed', NULL, NULL, NULL, NULL, NULL, NULL, NULL, NULL, 'CASH', '2025-07-31 16:09:35'),
(243, 97, 34, 493000.00, 'completed', NULL, NULL, NULL, NULL, NULL, NULL, NULL, NULL, 'CASH', '2025-07-31 16:12:37'),
(244, 99, 33, 478500.00, 'completed', NULL, NULL, NULL, NULL, NULL, NULL, NULL, NULL, 'CASH', '2025-07-31 16:13:20'),
(245, 74, 16, 232000.00, 'completed', NULL, NULL, NULL, NULL, NULL, NULL, NULL, NULL, 'CASH', '2025-07-31 16:17:08'),
(246, 80, 2, 30000.00, 'completed', NULL, NULL, NULL, NULL, NULL, NULL, NULL, NULL, 'CASH', '2025-07-31 16:36:15'),
(247, 41, 1, 17000.00, 'completed', NULL, NULL, NULL, NULL, NULL, NULL, NULL, NULL, 'CASH', '2025-07-31 16:36:39'),
(250, 100, 9, 130500.00, 'completed', NULL, NULL, NULL, NULL, NULL, NULL, NULL, NULL, 'CASH', '2025-07-31 16:38:58'),
(251, 86, 50, 725000.00, 'completed', NULL, NULL, NULL, NULL, NULL, NULL, NULL, NULL, 'CASH', '2025-07-31 16:43:00'),
(252, 98, 4, 58000.00, 'completed', NULL, NULL, NULL, NULL, NULL, NULL, NULL, NULL, 'CASH', '2025-07-31 16:44:19'),
(253, 95, 15, 217500.00, 'completed', NULL, NULL, NULL, NULL, NULL, NULL, NULL, NULL, 'CASH', '2025-07-31 16:54:23'),
(254, 67, 54, 783000.00, 'completed', NULL, NULL, NULL, NULL, NULL, NULL, NULL, NULL, 'CASH', '2025-07-31 16:55:02'),
(255, 81, 1, 15000.00, 'completed', NULL, NULL, NULL, NULL, NULL, NULL, NULL, NULL, 'LIPA NUMBER', '2025-08-01 15:45:55'),
(256, 14, 1, 17000.00, 'completed', NULL, NULL, NULL, NULL, NULL, NULL, NULL, NULL, 'CASH', '2025-08-01 15:46:47'),
(257, 15, 4, 80000.00, 'completed', NULL, NULL, NULL, NULL, NULL, NULL, NULL, NULL, 'CASH', '2025-08-01 15:47:45'),
(258, 88, 2, 30000.00, 'completed', NULL, NULL, NULL, NULL, NULL, NULL, NULL, NULL, 'CASH', '2025-08-01 15:48:57'),
(259, 14, 2, 34000.00, 'completed', NULL, NULL, NULL, NULL, NULL, NULL, NULL, NULL, 'CASH', '2025-08-01 15:50:14'),
(260, 37, 2, 32000.00, 'completed', NULL, NULL, NULL, NULL, NULL, NULL, NULL, NULL, 'CASH', '2025-08-01 15:54:37'),
(261, 44, 7, 112000.00, 'completed', NULL, NULL, NULL, NULL, NULL, NULL, NULL, NULL, 'CASH', '2025-08-01 15:55:26'),
(262, 18, 8, 128000.00, 'completed', NULL, NULL, NULL, NULL, NULL, NULL, NULL, NULL, 'CASH', '2025-08-01 15:56:01'),
(263, 17, 2, 32000.00, 'completed', NULL, NULL, NULL, NULL, NULL, NULL, NULL, NULL, 'CASH', '2025-08-01 15:56:23'),
(264, 41, 1, 16000.00, 'completed', NULL, NULL, NULL, NULL, NULL, NULL, NULL, NULL, 'CASH', '2025-08-01 16:02:15'),
(265, 23, 4, 64000.00, 'completed', NULL, NULL, NULL, NULL, NULL, NULL, NULL, NULL, 'CASH', '2025-08-01 16:04:28'),
(266, 23, 1, 17000.00, 'completed', NULL, NULL, NULL, NULL, NULL, NULL, NULL, NULL, 'CASH', '2025-08-01 16:06:48'),
(267, 44, 1, 16000.00, 'completed', NULL, NULL, NULL, NULL, NULL, NULL, NULL, NULL, 'CASH', '2025-08-01 16:07:18'),
(268, 44, 1, 17000.00, 'completed', NULL, NULL, NULL, NULL, NULL, NULL, NULL, NULL, 'CASH', '2025-08-01 16:07:47'),
(269, 80, 1, 15000.00, 'completed', NULL, NULL, NULL, NULL, NULL, NULL, NULL, NULL, 'CASH', '2025-08-01 16:08:30'),
(270, 58, 2, 30000.00, 'completed', NULL, NULL, NULL, NULL, NULL, NULL, NULL, NULL, 'CASH', '2025-08-01 16:09:54'),
(271, 81, 2, 30000.00, 'completed', NULL, NULL, NULL, NULL, NULL, NULL, NULL, NULL, 'CASH', '2025-08-01 16:10:51'),
(272, 88, 9, 135000.00, 'completed', NULL, NULL, NULL, NULL, NULL, NULL, NULL, NULL, 'CASH', '2025-08-01 16:12:56'),
(273, 80, 1, 15000.00, 'completed', NULL, NULL, NULL, NULL, NULL, NULL, NULL, NULL, 'CASH', '2025-08-01 16:13:35'),
(274, 57, 10, 150000.00, 'completed', NULL, NULL, NULL, NULL, NULL, NULL, NULL, NULL, 'CASH', '2025-08-01 16:14:10'),
(275, 57, 1, 15000.00, 'completed', NULL, NULL, NULL, NULL, NULL, NULL, NULL, NULL, 'CASH', '2025-08-01 16:15:22'),
(276, 57, 10, 150000.00, 'completed', NULL, NULL, NULL, NULL, NULL, NULL, NULL, NULL, 'CASH', '2025-08-01 16:15:52'),
(277, 80, 10, 150000.00, 'completed', NULL, NULL, NULL, NULL, NULL, NULL, NULL, NULL, 'CASH', '2025-08-01 16:16:53'),
(278, 70, 10, 150000.00, 'completed', NULL, NULL, NULL, NULL, NULL, NULL, NULL, NULL, 'CASH', '2025-08-01 16:18:54'),
(279, 91, 10, 145000.00, 'completed', NULL, NULL, NULL, NULL, NULL, NULL, NULL, NULL, 'CASH', '2025-08-01 16:20:56'),
(280, 92, 10, 145000.00, 'completed', NULL, NULL, NULL, NULL, NULL, NULL, NULL, NULL, 'CASH', '2025-08-01 16:21:27'),
(281, 81, 10, 145000.00, 'completed', NULL, NULL, NULL, NULL, NULL, NULL, NULL, NULL, 'CASH', '2025-08-01 16:21:56'),
(282, 15, 1, 20000.00, 'completed', NULL, NULL, NULL, NULL, NULL, NULL, NULL, NULL, 'CASH', '2025-08-01 16:22:49'),
(283, 15, 1, 20000.00, 'completed', NULL, NULL, NULL, NULL, NULL, NULL, NULL, NULL, 'CASH', '2025-08-01 16:23:32'),
(284, 57, 1, 15000.00, 'completed', NULL, NULL, NULL, NULL, NULL, NULL, NULL, NULL, 'CASH', '2025-08-01 16:23:57'),
(285, 81, 1, 15000.00, 'completed', NULL, NULL, NULL, NULL, NULL, NULL, NULL, NULL, 'CASH', '2025-08-01 16:24:14'),
(286, 54, 1, 20000.00, 'completed', NULL, NULL, NULL, NULL, NULL, NULL, NULL, NULL, 'CASH', '2025-08-01 16:24:28'),
(287, 41, 1, 17000.00, 'completed', NULL, NULL, NULL, NULL, NULL, NULL, NULL, NULL, 'CASH', '2025-08-01 16:25:03'),
(288, 84, 1, 15000.00, 'completed', NULL, NULL, NULL, NULL, NULL, NULL, NULL, NULL, 'CASH', '2025-08-01 16:25:21'),
(289, 90, 1, 15000.00, 'completed', NULL, NULL, NULL, NULL, NULL, NULL, NULL, NULL, 'CASH', '2025-08-01 16:25:37'),
(290, 57, 2, 30000.00, 'completed', NULL, NULL, NULL, NULL, NULL, NULL, NULL, NULL, 'CASH', '2025-08-01 16:25:57'),
(291, 80, 1, 15000.00, 'completed', NULL, NULL, NULL, NULL, NULL, NULL, NULL, NULL, 'CASH', '2025-08-01 16:26:24'),
(292, 57, 1, 15000.00, 'completed', NULL, NULL, NULL, NULL, NULL, NULL, NULL, NULL, 'CASH', '2025-08-01 16:26:54'),
(293, 88, 10, 145000.00, 'completed', NULL, NULL, NULL, NULL, NULL, NULL, NULL, NULL, 'CASH', '2025-08-01 16:27:21'),
(294, 35, 1, 17000.00, 'completed', NULL, NULL, NULL, NULL, NULL, NULL, NULL, NULL, 'CASH', '2025-08-01 16:28:37'),
(295, 61, 1, 17000.00, 'completed', NULL, NULL, NULL, NULL, NULL, NULL, NULL, NULL, 'CASH', '2025-08-01 16:29:35'),
(296, 41, 3, 51000.00, 'completed', NULL, NULL, NULL, NULL, NULL, NULL, NULL, NULL, 'CASH', '2025-08-01 16:30:05'),
(297, 84, 1, 15000.00, 'completed', NULL, NULL, NULL, NULL, NULL, NULL, NULL, NULL, 'CASH', '2025-08-01 16:30:22'),
(298, 42, 1, 17000.00, 'completed', NULL, NULL, NULL, NULL, NULL, NULL, NULL, NULL, 'CASH', '2025-08-01 16:31:05'),
(299, 87, 3, 51000.00, 'completed', NULL, NULL, NULL, NULL, NULL, NULL, NULL, NULL, 'CASH', '2025-08-01 16:31:25'),
(300, 78, 1, 15000.00, 'completed', NULL, NULL, NULL, NULL, NULL, NULL, NULL, NULL, 'CASH', '2025-08-01 16:31:55'),
(301, 80, 1, 15000.00, 'completed', NULL, NULL, NULL, NULL, NULL, NULL, NULL, NULL, 'CASH', '2025-08-01 16:32:59'),
(302, 81, 1, 15000.00, 'completed', NULL, NULL, NULL, NULL, NULL, NULL, NULL, NULL, 'CASH', '2025-08-01 16:33:39'),
(303, 84, 1, 15000.00, 'completed', NULL, NULL, NULL, NULL, NULL, NULL, NULL, NULL, 'CASH', '2025-08-01 16:33:59'),
(304, 91, 1, 15000.00, 'completed', NULL, NULL, NULL, NULL, NULL, NULL, NULL, NULL, 'CASH', '2025-08-01 16:34:11'),
(305, 36, 1, 17000.00, 'completed', NULL, NULL, NULL, NULL, NULL, NULL, NULL, NULL, 'CASH', '2025-08-01 16:35:08'),
(306, 81, 1, 15000.00, 'completed', NULL, NULL, NULL, NULL, NULL, NULL, NULL, NULL, 'CASH', '2025-08-01 16:36:00'),
(307, 41, 1, 17000.00, 'completed', NULL, NULL, NULL, NULL, NULL, NULL, NULL, NULL, 'CASH', '2025-08-01 16:36:23'),
(308, 88, 1, 15000.00, 'completed', NULL, NULL, NULL, NULL, NULL, NULL, NULL, NULL, 'CASH', '2025-08-01 16:36:45'),
(309, 42, 1, 17000.00, 'completed', NULL, NULL, NULL, NULL, NULL, NULL, NULL, NULL, 'CASH', '2025-08-01 16:49:29'),
(310, 41, 1, 17000.00, 'completed', NULL, NULL, NULL, NULL, NULL, NULL, NULL, NULL, 'CASH', '2025-08-01 16:51:30'),
(311, 84, 1, 15000.00, 'completed', NULL, NULL, NULL, NULL, NULL, NULL, NULL, NULL, 'CASH', '2025-08-02 15:44:49'),
(312, 57, 1, 15000.00, 'completed', NULL, NULL, NULL, NULL, NULL, NULL, NULL, NULL, 'CASH', '2025-08-02 15:45:40'),
(313, 88, 1, 15000.00, 'completed', NULL, NULL, NULL, NULL, NULL, NULL, NULL, NULL, 'CASH', '2025-08-02 15:46:11'),
(314, 93, 1, 15000.00, 'completed', NULL, NULL, NULL, NULL, NULL, NULL, NULL, NULL, 'CASH', '2025-08-02 15:46:32'),
(315, 84, 1, 15000.00, 'completed', NULL, NULL, NULL, NULL, NULL, NULL, NULL, NULL, 'CASH', '2025-08-02 15:46:57'),
(316, 81, 1, 15000.00, 'completed', NULL, NULL, NULL, NULL, NULL, NULL, NULL, NULL, 'CASH', '2025-08-02 15:47:26'),
(317, 89, 1, 15000.00, 'completed', NULL, NULL, NULL, NULL, NULL, NULL, NULL, NULL, 'CASH', '2025-08-02 15:48:26'),
(318, 79, 1, 15000.00, 'completed', NULL, NULL, NULL, NULL, NULL, NULL, NULL, NULL, 'CASH', '2025-08-02 15:49:35'),
(319, 42, 1, 17000.00, 'completed', NULL, NULL, NULL, NULL, NULL, NULL, NULL, NULL, 'CASH', '2025-08-02 15:50:16'),
(321, 49, 1, 18000.00, 'completed', NULL, NULL, NULL, NULL, NULL, NULL, NULL, NULL, 'CASH', '2025-08-02 15:55:45'),
(322, 81, 1, 15000.00, 'completed', NULL, NULL, NULL, NULL, NULL, NULL, NULL, NULL, 'CASH', '2025-08-02 15:56:20'),
(323, 36, 1, 17000.00, 'completed', NULL, NULL, NULL, NULL, NULL, NULL, NULL, NULL, 'CASH', '2025-08-02 15:57:35'),
(324, 36, 1, 17000.00, 'completed', NULL, NULL, NULL, NULL, NULL, NULL, NULL, NULL, 'CASH', '2025-08-02 16:03:16'),
(325, 33, 1, 17000.00, 'completed', NULL, NULL, NULL, NULL, NULL, NULL, NULL, NULL, 'CASH', '2025-08-02 16:05:06'),
(326, 51, 2, 34000.00, 'completed', NULL, NULL, NULL, NULL, NULL, NULL, NULL, NULL, 'CASH', '2025-08-02 16:05:33'),
(327, 49, 3, 51000.00, 'completed', NULL, NULL, NULL, NULL, NULL, NULL, NULL, NULL, 'CASH', '2025-08-02 16:05:59'),
(328, 83, 1, 15000.00, 'completed', NULL, NULL, NULL, NULL, NULL, NULL, NULL, NULL, 'CASH', '2025-08-02 16:07:31'),
(329, 35, 1, 17000.00, 'completed', NULL, NULL, NULL, NULL, NULL, NULL, NULL, NULL, 'CASH', '2025-08-02 16:08:13'),
(330, 96, 2, 30000.00, 'completed', NULL, NULL, NULL, NULL, NULL, NULL, NULL, NULL, 'CASH', '2025-08-02 16:08:36'),
(331, 57, 1, 15000.00, 'completed', NULL, NULL, NULL, NULL, NULL, NULL, NULL, NULL, 'CASH', '2025-08-02 16:09:02'),
(332, 89, 1, 15000.00, 'completed', NULL, NULL, NULL, NULL, NULL, NULL, NULL, NULL, 'CASH', '2025-08-02 16:09:38'),
(333, 57, 1, 15000.00, 'completed', NULL, NULL, NULL, NULL, NULL, NULL, NULL, NULL, 'CASH', '2025-08-02 16:10:24'),
(334, 80, 1, 15000.00, 'completed', NULL, NULL, NULL, NULL, NULL, NULL, NULL, NULL, 'CASH', '2025-08-02 16:12:16'),
(335, 41, 3, 51000.00, 'completed', NULL, NULL, NULL, NULL, NULL, NULL, NULL, NULL, 'CASH', '2025-08-02 16:16:25'),
(336, 40, 2, 34000.00, 'completed', NULL, NULL, NULL, NULL, NULL, NULL, NULL, NULL, 'CASH', '2025-08-02 16:16:55'),
(337, 96, 1, 15000.00, 'completed', NULL, NULL, NULL, NULL, NULL, NULL, NULL, NULL, 'CASH', '2025-08-02 16:17:17'),
(338, 41, 1, 17000.00, 'completed', NULL, NULL, NULL, NULL, NULL, NULL, NULL, NULL, 'CASH', '2025-08-02 16:17:42'),
(339, 28, 7, 112000.00, 'completed', NULL, NULL, NULL, NULL, NULL, NULL, NULL, NULL, 'CASH', '2025-08-02 16:18:27'),
(340, 81, 3, 45000.00, 'completed', NULL, NULL, NULL, NULL, NULL, NULL, NULL, NULL, 'CASH', '2025-08-02 16:18:54'),
(341, 88, 3, 45000.00, 'completed', NULL, NULL, NULL, NULL, NULL, NULL, NULL, NULL, 'CASH', '2025-08-02 16:19:16'),
(342, 57, 3, 45000.00, 'completed', NULL, NULL, NULL, NULL, NULL, NULL, NULL, NULL, 'CASH', '2025-08-02 16:19:35'),
(343, 23, 3, 51000.00, 'completed', NULL, NULL, NULL, NULL, NULL, NULL, NULL, NULL, 'CASH', '2025-08-02 16:20:13'),
(344, 40, 1, 17000.00, 'completed', NULL, NULL, NULL, NULL, NULL, NULL, NULL, NULL, 'CASH', '2025-08-02 16:22:11'),
(345, 88, 1, 15000.00, 'completed', NULL, NULL, NULL, NULL, NULL, NULL, NULL, NULL, 'CASH', '2025-08-02 16:22:49'),
(346, 88, 1, 15000.00, 'completed', NULL, NULL, NULL, NULL, NULL, NULL, NULL, NULL, 'CASH', '2025-08-02 16:24:25'),
(347, 88, 1, 15000.00, 'completed', NULL, NULL, NULL, NULL, NULL, NULL, NULL, NULL, 'CASH', '2025-08-02 16:26:39'),
(348, 91, 1, 15000.00, 'completed', NULL, NULL, NULL, NULL, NULL, NULL, NULL, NULL, 'CASH', '2025-08-02 16:27:16'),
(349, 41, 2, 34000.00, 'completed', NULL, NULL, NULL, NULL, NULL, NULL, NULL, NULL, 'CASH', '2025-08-02 16:27:45'),
(350, 89, 2, 30000.00, 'completed', NULL, NULL, NULL, NULL, NULL, NULL, NULL, NULL, 'CASH', '2025-08-02 16:29:48'),
(351, 57, 1, 15000.00, 'completed', NULL, NULL, NULL, NULL, NULL, NULL, NULL, NULL, 'CASH', '2025-08-02 16:30:14'),
(352, 81, 1, 15000.00, 'completed', NULL, NULL, NULL, NULL, NULL, NULL, NULL, NULL, 'CASH', '2025-08-02 16:30:36'),
(353, 70, 3, 45000.00, 'completed', NULL, NULL, NULL, NULL, NULL, NULL, NULL, NULL, 'CASH', '2025-08-02 16:31:08'),
(354, 74, 1, 17000.00, 'completed', NULL, NULL, NULL, NULL, NULL, NULL, NULL, NULL, 'CASH', '2025-08-02 16:31:43'),
(355, 52, 1, 20000.00, 'completed', NULL, NULL, NULL, NULL, NULL, NULL, NULL, NULL, 'CASH', '2025-08-02 16:32:17'),
(356, 28, 1, 17000.00, 'completed', NULL, NULL, NULL, NULL, NULL, NULL, NULL, NULL, 'CASH', '2025-08-02 16:32:58'),
(357, 15, 1, 23000.00, 'completed', NULL, NULL, NULL, NULL, NULL, NULL, NULL, NULL, 'CASH', '2025-08-02 16:33:56'),
(358, 51, 1, 20000.00, 'completed', NULL, NULL, NULL, NULL, NULL, NULL, NULL, NULL, 'CASH', '2025-08-02 16:43:59'),
(359, 80, 1, 15000.00, 'completed', NULL, NULL, NULL, NULL, NULL, NULL, NULL, NULL, 'CASH', '2025-08-02 16:44:41'),
(360, 36, 1, 17000.00, 'completed', NULL, NULL, NULL, NULL, NULL, NULL, NULL, NULL, 'CASH', '2025-08-02 16:45:08'),
(361, 24, 1, 17000.00, 'completed', NULL, NULL, NULL, NULL, NULL, NULL, NULL, NULL, 'CASH', '2025-08-02 16:45:33'),
(362, 40, 1, 17000.00, 'completed', NULL, NULL, NULL, NULL, NULL, NULL, NULL, NULL, 'CASH', '2025-08-02 16:45:49'),
(363, 81, 1, 15000.00, 'completed', NULL, NULL, NULL, NULL, NULL, NULL, NULL, NULL, 'CASH', '2025-08-02 16:46:16'),
(364, 55, 1, 17000.00, 'completed', NULL, NULL, NULL, NULL, NULL, NULL, NULL, NULL, 'CASH', '2025-08-02 16:46:53'),
(365, 54, 1, 20000.00, 'completed', NULL, NULL, NULL, NULL, NULL, NULL, NULL, NULL, 'CASH', '2025-08-02 16:51:27'),
(366, 52, 1, 20000.00, 'completed', NULL, NULL, NULL, NULL, NULL, NULL, NULL, NULL, 'CASH', '2025-08-02 16:51:50'),
(367, 84, 1, 15000.00, 'completed', NULL, NULL, NULL, NULL, NULL, NULL, NULL, NULL, 'CASH', '2025-08-02 17:12:26'),
(368, 84, 1, 15000.00, 'completed', NULL, NULL, NULL, NULL, NULL, NULL, NULL, NULL, 'CASH', '2025-08-03 07:41:17'),
(369, 84, 1, 15000.00, 'completed', NULL, NULL, NULL, NULL, NULL, NULL, NULL, NULL, 'CASH', '2025-08-03 07:43:26'),
(370, 88, 1, 15000.00, 'completed', NULL, NULL, NULL, NULL, NULL, NULL, NULL, NULL, 'CASH', '2025-08-03 12:15:29'),
(371, 15, 1, 23000.00, 'completed', NULL, NULL, NULL, NULL, NULL, NULL, NULL, NULL, 'CASH', '2025-08-03 12:16:12'),
(372, 91, 1, 15000.00, 'completed', NULL, NULL, NULL, NULL, NULL, NULL, NULL, NULL, 'CASH', '2025-08-03 12:16:38'),
(373, 75, 1, 15000.00, 'completed', NULL, NULL, NULL, NULL, NULL, NULL, NULL, NULL, 'CASH', '2025-08-03 12:16:55'),
(374, 81, 1, 15000.00, 'completed', NULL, NULL, NULL, NULL, NULL, NULL, NULL, NULL, 'CASH', '2025-08-03 12:17:34'),
(375, 57, 1, 15000.00, 'completed', NULL, NULL, NULL, NULL, NULL, NULL, NULL, NULL, 'CASH', '2025-08-03 12:17:58'),
(376, 92, 1, 15000.00, 'completed', NULL, NULL, NULL, NULL, NULL, NULL, NULL, NULL, 'CASH', '2025-08-03 12:18:38'),
(377, 80, 1, 15000.00, 'completed', NULL, NULL, NULL, NULL, NULL, NULL, NULL, NULL, 'CASH', '2025-08-03 12:19:00'),
(378, 81, 3, 45000.00, 'completed', NULL, NULL, NULL, NULL, NULL, NULL, NULL, NULL, 'LIPA NUMBER', '2025-08-04 15:46:44'),
(379, 81, 3, 45000.00, 'completed', NULL, NULL, NULL, NULL, NULL, NULL, NULL, NULL, 'CASH', '2025-08-04 15:47:05'),
(380, 88, 1, 15000.00, 'completed', NULL, NULL, NULL, NULL, NULL, NULL, NULL, NULL, 'CASH', '2025-08-04 15:47:33'),
(381, 84, 1, 15000.00, 'completed', NULL, NULL, NULL, NULL, NULL, NULL, NULL, NULL, 'CASH', '2025-08-04 15:49:10'),
(382, 40, 1, 17000.00, 'completed', NULL, NULL, NULL, NULL, NULL, NULL, NULL, NULL, 'CASH', '2025-08-04 15:51:46'),
(383, 96, 2, 30000.00, 'completed', NULL, NULL, NULL, NULL, NULL, NULL, NULL, NULL, 'CASH', '2025-08-04 15:52:50'),
(384, 57, 1, 15000.00, 'completed', NULL, NULL, NULL, NULL, NULL, NULL, NULL, NULL, 'CASH', '2025-08-04 15:53:34'),
(385, 51, 1, 17000.00, 'completed', NULL, NULL, NULL, NULL, NULL, NULL, NULL, NULL, 'CASH', '2025-08-04 15:56:25'),
(386, 15, 1, 20000.00, 'completed', NULL, NULL, NULL, NULL, NULL, NULL, NULL, NULL, 'CASH', '2025-08-04 15:56:50'),
(387, 40, 2, 34000.00, 'completed', NULL, NULL, NULL, NULL, NULL, NULL, NULL, NULL, 'CASH', '2025-08-04 15:57:18'),
(388, 96, 1, 15000.00, 'completed', NULL, NULL, NULL, NULL, NULL, NULL, NULL, NULL, 'CASH', '2025-08-04 15:59:23'),
(389, 29, 1, 17000.00, 'completed', NULL, NULL, NULL, NULL, NULL, NULL, NULL, NULL, 'CASH', '2025-08-04 15:59:57'),
(390, 84, 1, 15000.00, 'completed', NULL, NULL, NULL, NULL, NULL, NULL, NULL, NULL, 'CASH', '2025-08-04 16:00:52'),
(391, 54, 5, 100000.00, 'completed', NULL, NULL, NULL, NULL, NULL, NULL, NULL, NULL, 'CASH', '2025-08-04 16:01:19'),
(392, 81, 1, 15000.00, 'completed', NULL, NULL, NULL, NULL, NULL, NULL, NULL, NULL, 'CASH', '2025-08-04 16:04:34'),
(393, 57, 1, 15000.00, 'completed', NULL, NULL, NULL, NULL, NULL, NULL, NULL, NULL, 'CASH', '2025-08-04 16:05:16'),
(394, 92, 2, 30000.00, 'completed', NULL, NULL, NULL, NULL, NULL, NULL, NULL, NULL, 'CASH', '2025-08-04 16:05:40'),
(395, 84, 1, 15000.00, 'completed', NULL, NULL, NULL, NULL, NULL, NULL, NULL, NULL, 'CASH', '2025-08-04 16:06:21'),
(396, 18, 3, 48000.00, 'completed', NULL, NULL, NULL, NULL, NULL, NULL, NULL, NULL, 'CASH', '2025-08-04 16:06:54'),
(397, 17, 1, 17000.00, 'completed', NULL, NULL, NULL, NULL, NULL, NULL, NULL, NULL, 'CASH', '2025-08-04 16:07:10'),
(398, 96, 1, 15000.00, 'completed', NULL, NULL, NULL, NULL, NULL, NULL, NULL, NULL, 'CASH', '2025-08-04 16:08:00'),
(399, 32, 1, 17000.00, 'completed', NULL, NULL, NULL, NULL, NULL, NULL, NULL, NULL, 'CASH', '2025-08-04 16:08:19'),
(400, 80, 1, 15000.00, 'completed', NULL, NULL, NULL, NULL, NULL, NULL, NULL, NULL, 'CASH', '2025-08-04 16:08:37'),
(401, 89, 1, 15000.00, 'completed', NULL, NULL, NULL, NULL, NULL, NULL, NULL, NULL, 'CASH', '2025-08-04 16:10:13'),
(402, 89, 1, 15000.00, 'completed', NULL, NULL, NULL, NULL, NULL, NULL, NULL, NULL, 'CASH', '2025-08-04 16:10:59'),
(403, 92, 1, 15000.00, 'completed', NULL, NULL, NULL, NULL, NULL, NULL, NULL, NULL, 'CASH', '2025-08-04 16:12:22'),
(404, 57, 1, 15000.00, 'completed', NULL, NULL, NULL, NULL, NULL, NULL, NULL, NULL, 'CASH', '2025-08-04 16:12:41'),
(405, 81, 1, 15000.00, 'completed', NULL, NULL, NULL, NULL, NULL, NULL, NULL, NULL, 'CASH', '2025-08-04 16:13:06'),
(406, 74, 1, 15000.00, 'completed', NULL, NULL, NULL, NULL, NULL, NULL, NULL, NULL, 'CASH', '2025-08-04 16:13:48'),
(407, 84, 1, 15000.00, 'completed', NULL, NULL, NULL, NULL, NULL, NULL, NULL, NULL, 'CASH', '2025-08-04 16:14:13'),
(408, 40, 1, 16000.00, 'completed', NULL, NULL, NULL, NULL, NULL, NULL, NULL, NULL, 'CASH', '2025-08-04 16:14:37'),
(409, 81, 1, 15000.00, 'completed', NULL, NULL, NULL, NULL, NULL, NULL, NULL, NULL, 'LIPA NUMBER', '2025-08-04 16:15:51'),
(410, 98, 1, 15000.00, 'completed', NULL, NULL, NULL, NULL, NULL, NULL, NULL, NULL, 'LIPA NUMBER', '2025-08-04 16:16:45'),
(411, 96, 1, 15000.00, 'completed', NULL, NULL, NULL, NULL, NULL, NULL, NULL, NULL, 'LIPA NUMBER', '2025-08-04 16:18:03'),
(412, 80, 1, 15000.00, 'completed', NULL, NULL, NULL, NULL, NULL, NULL, NULL, NULL, 'CASH', '2025-08-04 16:18:31'),
(413, 49, 1, 16000.00, 'completed', NULL, NULL, NULL, NULL, NULL, NULL, NULL, NULL, 'CASH', '2025-08-04 16:18:55'),
(414, 57, 1, 15000.00, 'completed', NULL, NULL, NULL, NULL, NULL, NULL, NULL, NULL, 'CASH', '2025-08-04 16:19:25'),
(415, 88, 1, 15000.00, 'completed', NULL, NULL, NULL, NULL, NULL, NULL, NULL, NULL, 'CASH', '2025-08-04 16:19:41'),
(416, 29, 1, 17000.00, 'completed', NULL, NULL, NULL, NULL, NULL, NULL, NULL, NULL, 'CASH', '2025-08-04 16:20:02'),
(417, 81, 1, 15000.00, 'completed', NULL, NULL, NULL, NULL, NULL, NULL, NULL, NULL, 'CASH', '2025-08-04 16:20:26'),
(418, 36, 2, 34000.00, 'completed', NULL, NULL, NULL, NULL, NULL, NULL, NULL, NULL, 'CASH', '2025-08-04 16:20:48'),
(419, 49, 1, 17000.00, 'completed', NULL, NULL, NULL, NULL, NULL, NULL, NULL, NULL, 'CASH', '2025-08-04 16:21:46'),
(420, 36, 1, 17000.00, 'completed', NULL, NULL, NULL, NULL, NULL, NULL, NULL, NULL, 'CASH', '2025-08-04 16:22:01'),
(421, 90, 1, 15000.00, 'completed', NULL, NULL, NULL, NULL, NULL, NULL, NULL, NULL, 'CASH', '2025-08-04 16:26:47'),
(422, 58, 1, 15000.00, 'completed', NULL, NULL, NULL, NULL, NULL, NULL, NULL, NULL, 'CASH', '2025-08-04 16:35:44'),
(423, 70, 1, 15000.00, 'completed', NULL, NULL, NULL, NULL, NULL, NULL, NULL, NULL, 'CASH', '2025-08-04 16:49:10'),
(424, 70, 1, 15000.00, 'completed', NULL, NULL, NULL, NULL, NULL, NULL, NULL, NULL, 'CASH', '2025-08-05 12:43:25'),
(425, 81, 10, 150000.00, 'completed', NULL, NULL, NULL, NULL, NULL, NULL, NULL, NULL, 'CASH', '2025-08-05 12:46:05'),
(426, 80, 5, 75000.00, 'completed', NULL, NULL, NULL, NULL, NULL, NULL, NULL, NULL, 'CASH', '2025-08-05 12:47:11'),
(427, 88, 5, 75000.00, 'completed', NULL, NULL, NULL, NULL, NULL, NULL, NULL, NULL, 'CASH', '2025-08-05 12:47:31'),
(428, 79, 5, 75000.00, 'completed', NULL, NULL, NULL, NULL, NULL, NULL, NULL, NULL, 'CASH', '2025-08-05 12:47:53'),
(429, 89, 12, 180000.00, 'completed', NULL, NULL, NULL, NULL, NULL, NULL, NULL, NULL, 'CASH', '2025-08-05 12:48:59'),
(430, 57, 10, 150000.00, 'completed', NULL, NULL, NULL, NULL, NULL, NULL, NULL, NULL, 'CASH', '2025-08-05 12:49:36'),
(431, 84, 10, 150000.00, 'completed', NULL, NULL, NULL, NULL, NULL, NULL, NULL, NULL, 'CASH', '2025-08-05 12:50:36'),
(432, 58, 5, 75000.00, 'completed', NULL, NULL, NULL, NULL, NULL, NULL, NULL, NULL, 'CASH', '2025-08-05 12:51:10'),
(433, 74, 10, 150000.00, 'completed', NULL, NULL, NULL, NULL, NULL, NULL, NULL, NULL, 'CASH', '2025-08-05 12:51:46'),
(434, 42, 1, 17000.00, 'completed', NULL, NULL, NULL, NULL, NULL, NULL, NULL, NULL, 'CASH', '2025-08-05 12:54:04'),
(435, 97, 1, 15000.00, 'completed', NULL, NULL, NULL, NULL, NULL, NULL, NULL, NULL, 'CASH', '2025-08-05 12:54:42'),
(436, 84, 1, 15000.00, 'completed', NULL, NULL, NULL, NULL, NULL, NULL, NULL, NULL, 'CASH', '2025-08-05 12:55:07'),
(437, 57, 1, 15000.00, 'completed', NULL, NULL, NULL, NULL, NULL, NULL, NULL, NULL, 'CASH', '2025-08-05 12:55:25'),
(438, 14, 1, 18000.00, 'completed', NULL, NULL, NULL, NULL, NULL, NULL, NULL, NULL, 'CASH', '2025-08-05 12:56:03'),
(439, 81, 1, 15000.00, 'completed', NULL, NULL, NULL, NULL, NULL, NULL, NULL, NULL, 'CASH', '2025-08-05 12:56:23'),
(440, 28, 1, 17000.00, 'completed', NULL, NULL, NULL, NULL, NULL, NULL, NULL, NULL, 'CASH', '2025-08-05 16:41:48'),
(441, 64, 1, 20000.00, 'completed', NULL, NULL, NULL, NULL, NULL, NULL, NULL, NULL, 'CASH', '2025-08-05 16:42:09'),
(442, 80, 1, 15000.00, 'completed', NULL, NULL, NULL, NULL, NULL, NULL, NULL, NULL, 'CASH', '2025-08-05 16:43:30'),
(443, 80, 1, 15000.00, 'completed', NULL, NULL, NULL, NULL, NULL, NULL, NULL, NULL, 'CASH', '2025-08-05 16:44:26'),
(444, 57, 1, 15000.00, 'completed', NULL, NULL, NULL, NULL, NULL, NULL, NULL, NULL, 'CASH', '2025-08-05 16:44:42'),
(445, 57, 1, 15000.00, 'completed', NULL, NULL, NULL, NULL, NULL, NULL, NULL, NULL, 'CASH', '2025-08-05 16:47:10'),
(446, 84, 1, 15000.00, 'completed', NULL, NULL, NULL, NULL, NULL, NULL, NULL, NULL, 'CASH', '2025-08-05 16:47:46'),
(447, 77, 1, 15000.00, 'completed', NULL, NULL, NULL, NULL, NULL, NULL, NULL, NULL, 'CASH', '2025-08-05 16:48:05'),
(448, 57, 1, 15000.00, 'completed', NULL, NULL, NULL, NULL, NULL, NULL, NULL, NULL, 'CASH', '2025-08-05 16:50:47'),
(449, 42, 1, 17000.00, 'completed', NULL, NULL, NULL, NULL, NULL, NULL, NULL, NULL, 'CASH', '2025-08-05 16:51:21'),
(450, 88, 1, 15000.00, 'completed', NULL, NULL, NULL, NULL, NULL, NULL, NULL, NULL, 'CASH', '2025-08-05 16:51:43'),
(451, 84, 1, 15000.00, 'completed', NULL, NULL, NULL, NULL, NULL, NULL, NULL, NULL, 'CASH', '2025-08-05 16:52:01'),
(452, 91, 2, 30000.00, 'completed', NULL, NULL, NULL, NULL, NULL, NULL, NULL, NULL, 'CASH', '2025-08-05 16:53:21');
INSERT INTO `sales` (`sale_id`, `product_id`, `quantity`, `total_price`, `sale_status`, `winger_name`, `winger_contact`, `bond_item`, `bond_value`, `expected_return_date`, `notes`, `confirmed_at`, `confirmed_by`, `payment_method`, `sale_date`) VALUES
(453, 49, 1, 17000.00, 'completed', NULL, NULL, NULL, NULL, NULL, NULL, NULL, NULL, 'CASH', '2025-08-05 16:53:39'),
(454, 81, 1, 15000.00, 'completed', NULL, NULL, NULL, NULL, NULL, NULL, NULL, NULL, 'CASH', '2025-08-05 16:54:06'),
(456, 88, 1, 15000.00, 'completed', NULL, NULL, NULL, NULL, NULL, NULL, NULL, NULL, 'CASH', '2025-08-05 16:55:16'),
(457, 36, 1, 16000.00, 'completed', NULL, NULL, NULL, NULL, NULL, NULL, NULL, NULL, 'CASH', '2025-08-05 16:57:14'),
(458, 70, 1, 15000.00, 'completed', NULL, NULL, NULL, NULL, NULL, NULL, NULL, NULL, 'LIPA NUMBER', '2025-08-05 16:57:41'),
(459, 73, 1, 15000.00, 'completed', NULL, NULL, NULL, NULL, NULL, NULL, NULL, NULL, 'LIPA NUMBER', '2025-08-06 16:41:55'),
(460, 92, 2, 30000.00, 'completed', NULL, NULL, NULL, NULL, NULL, NULL, NULL, NULL, 'CASH', '2025-08-06 16:42:35'),
(461, 81, 3, 45000.00, 'completed', NULL, NULL, NULL, NULL, NULL, NULL, NULL, NULL, 'CASH', '2025-08-06 16:43:12'),
(462, 92, 1, 15000.00, 'completed', NULL, NULL, NULL, NULL, NULL, NULL, NULL, NULL, 'CASH', '2025-08-06 16:43:32'),
(463, 80, 1, 15000.00, 'completed', NULL, NULL, NULL, NULL, NULL, NULL, NULL, NULL, 'CASH', '2025-08-06 16:43:50'),
(464, 102, 3, 54000.00, 'completed', NULL, NULL, NULL, NULL, NULL, NULL, NULL, NULL, 'CASH', '2025-08-06 16:47:24'),
(465, 102, 2, 40000.00, 'completed', NULL, NULL, NULL, NULL, NULL, NULL, NULL, NULL, 'CASH', '2025-08-06 16:53:06'),
(466, 102, 1, 18000.00, 'completed', NULL, NULL, NULL, NULL, NULL, NULL, NULL, NULL, 'LIPA NUMBER', '2025-08-06 16:54:06'),
(467, 91, 2, 30000.00, 'completed', NULL, NULL, NULL, NULL, NULL, NULL, NULL, NULL, 'CASH', '2025-08-06 16:54:35'),
(468, 103, 3, 51000.00, 'completed', NULL, NULL, NULL, NULL, NULL, NULL, NULL, NULL, 'CASH', '2025-08-06 16:57:00'),
(469, 87, 1, 17000.00, 'completed', NULL, NULL, NULL, NULL, NULL, NULL, NULL, NULL, 'CASH', '2025-08-06 16:57:16'),
(470, 55, 1, 17000.00, 'completed', NULL, NULL, NULL, NULL, NULL, NULL, NULL, NULL, 'CASH', '2025-08-06 16:57:29'),
(471, 91, 1, 15000.00, 'completed', NULL, NULL, NULL, NULL, NULL, NULL, NULL, NULL, 'CASH', '2025-08-06 16:57:50'),
(472, 96, 1, 15000.00, 'completed', NULL, NULL, NULL, NULL, NULL, NULL, NULL, NULL, 'CASH', '2025-08-06 16:58:59'),
(473, 88, 1, 15000.00, 'completed', NULL, NULL, NULL, NULL, NULL, NULL, NULL, NULL, 'CASH', '2025-08-06 16:59:29'),
(474, 57, 1, 15000.00, 'completed', NULL, NULL, NULL, NULL, NULL, NULL, NULL, NULL, 'CASH', '2025-08-06 17:00:06'),
(475, 14, 1, 17000.00, 'completed', NULL, NULL, NULL, NULL, NULL, NULL, NULL, NULL, 'CASH', '2025-08-06 17:00:34'),
(476, 93, 18, 261000.00, 'completed', NULL, NULL, NULL, NULL, NULL, NULL, NULL, NULL, 'CASH', '2025-08-07 16:44:08'),
(477, 100, 2, 29000.00, 'completed', NULL, NULL, NULL, NULL, NULL, NULL, NULL, NULL, 'CASH', '2025-08-07 16:45:01'),
(478, 89, 6, 87000.00, 'completed', NULL, NULL, NULL, NULL, NULL, NULL, NULL, NULL, 'CASH', '2025-08-07 16:46:03'),
(479, 74, 8, 120000.00, 'completed', NULL, NULL, NULL, NULL, NULL, NULL, NULL, NULL, 'CASH', '2025-08-07 16:46:50'),
(480, 78, 10, 145000.00, 'completed', NULL, NULL, NULL, NULL, NULL, NULL, NULL, NULL, 'CASH', '2025-08-07 16:49:07'),
(481, 82, 42, 630000.00, 'completed', NULL, NULL, NULL, NULL, NULL, NULL, NULL, NULL, 'CASH', '2025-08-07 16:49:22'),
(482, 115, 20, 290000.00, 'completed', NULL, NULL, NULL, NULL, NULL, NULL, NULL, NULL, 'CASH', '2025-08-07 16:53:47'),
(483, 113, 20, 290000.00, 'completed', NULL, NULL, NULL, NULL, NULL, NULL, NULL, NULL, 'CASH', '2025-08-07 16:54:09'),
(484, 70, 100, 1450000.00, 'completed', NULL, NULL, NULL, NULL, NULL, NULL, NULL, NULL, 'CASH', '2025-08-07 16:54:32'),
(485, 100, 5, 72500.00, 'completed', NULL, NULL, NULL, NULL, NULL, NULL, NULL, NULL, 'CASH', '2025-08-07 16:55:07'),
(486, 100, 1, 15000.00, 'completed', NULL, NULL, NULL, NULL, NULL, NULL, NULL, NULL, 'CASH', '2025-08-07 16:56:28'),
(487, 109, 15, 217500.00, 'completed', NULL, NULL, NULL, NULL, NULL, NULL, NULL, NULL, 'CASH', '2025-08-07 16:57:02'),
(488, 77, 20, 290000.00, 'completed', NULL, NULL, NULL, NULL, NULL, NULL, NULL, NULL, 'CASH', '2025-08-07 16:57:30'),
(489, 82, 15, 225000.00, 'completed', NULL, NULL, NULL, NULL, NULL, NULL, NULL, NULL, 'CASH', '2025-08-07 16:58:10'),
(490, 57, 16, 240000.00, 'completed', NULL, NULL, NULL, NULL, NULL, NULL, NULL, NULL, 'CASH', '2025-08-07 16:59:31'),
(491, 84, 15, 225000.00, 'completed', NULL, NULL, NULL, NULL, NULL, NULL, NULL, NULL, 'CASH', '2025-08-07 17:00:02'),
(492, 73, 15, 225000.00, 'completed', NULL, NULL, NULL, NULL, NULL, NULL, NULL, NULL, 'CASH', '2025-08-07 17:00:17'),
(493, 112, 15, 225000.00, 'completed', NULL, NULL, NULL, NULL, NULL, NULL, NULL, NULL, 'CASH', '2025-08-07 17:01:32'),
(494, 73, 1, 15000.00, 'completed', NULL, NULL, NULL, NULL, NULL, NULL, NULL, NULL, 'CASH', '2025-08-07 17:05:20'),
(495, 20, 2, 34000.00, 'completed', NULL, NULL, NULL, NULL, NULL, NULL, NULL, NULL, 'CASH', '2025-08-07 17:09:34'),
(496, 49, 1, 17000.00, 'completed', NULL, NULL, NULL, NULL, NULL, NULL, NULL, NULL, 'LIPA NUMBER', '2025-08-07 17:09:51'),
(497, 87, 1, 17000.00, 'completed', NULL, NULL, NULL, NULL, NULL, NULL, NULL, NULL, 'CASH', '2025-08-07 17:10:27'),
(498, 23, 1, 17000.00, 'completed', NULL, NULL, NULL, NULL, NULL, NULL, NULL, NULL, 'CASH', '2025-08-07 17:11:27'),
(499, 24, 3, 48000.00, 'completed', NULL, NULL, NULL, NULL, NULL, NULL, NULL, NULL, 'CASH', '2025-08-07 17:12:02'),
(500, 28, 2, 34000.00, 'completed', NULL, NULL, NULL, NULL, NULL, NULL, NULL, NULL, 'CASH', '2025-08-07 17:12:15'),
(501, 91, 2, 30000.00, 'completed', NULL, NULL, NULL, NULL, NULL, NULL, NULL, NULL, 'CASH', '2025-08-07 17:12:26'),
(502, 24, 1, 18000.00, 'completed', NULL, NULL, NULL, NULL, NULL, NULL, NULL, NULL, 'CASH', '2025-08-07 17:12:46'),
(503, 29, 1, 18000.00, 'completed', NULL, NULL, NULL, NULL, NULL, NULL, NULL, NULL, 'CASH', '2025-08-07 17:13:00'),
(504, 103, 3, 51000.00, 'completed', NULL, NULL, NULL, NULL, NULL, NULL, NULL, NULL, 'CASH', '2025-08-07 17:13:17'),
(505, 49, 1, 17000.00, 'completed', NULL, NULL, NULL, NULL, NULL, NULL, NULL, NULL, 'CASH', '2025-08-07 17:14:03'),
(506, 44, 7, 112000.00, 'completed', NULL, NULL, NULL, NULL, NULL, NULL, NULL, NULL, 'LIPA NUMBER', '2025-08-07 17:14:26'),
(507, 102, 1, 18000.00, 'completed', NULL, NULL, NULL, NULL, NULL, NULL, NULL, NULL, 'LIPA NUMBER', '2025-08-07 17:14:54'),
(508, 36, 3, 51000.00, 'completed', NULL, NULL, NULL, NULL, NULL, NULL, NULL, NULL, 'CASH', '2025-08-07 17:15:13'),
(509, 42, 3, 51000.00, 'completed', NULL, NULL, NULL, NULL, NULL, NULL, NULL, NULL, 'CASH', '2025-08-07 17:15:27'),
(510, 30, 2, 32000.00, 'completed', NULL, NULL, NULL, NULL, NULL, NULL, NULL, NULL, 'LIPA NUMBER', '2025-08-07 17:15:46'),
(511, 111, 2, 34000.00, 'completed', NULL, NULL, NULL, NULL, NULL, NULL, NULL, NULL, 'LIPA NUMBER', '2025-08-07 17:15:58'),
(512, 51, 2, 32000.00, 'completed', NULL, NULL, NULL, NULL, NULL, NULL, NULL, NULL, 'LIPA NUMBER', '2025-08-07 17:16:18'),
(513, 54, 1, 17000.00, 'completed', NULL, NULL, NULL, NULL, NULL, NULL, NULL, NULL, 'CASH', '2025-08-07 17:16:51'),
(514, 49, 6, 96000.00, 'completed', NULL, NULL, NULL, NULL, NULL, NULL, NULL, NULL, 'LIPA NUMBER', '2025-08-07 17:17:09'),
(515, 108, 2, 32000.00, 'completed', NULL, NULL, NULL, NULL, NULL, NULL, NULL, NULL, 'LIPA NUMBER', '2025-08-07 17:17:37'),
(516, 29, 3, 48000.00, 'completed', NULL, NULL, NULL, NULL, NULL, NULL, NULL, NULL, 'LIPA NUMBER', '2025-08-07 17:17:59'),
(517, 96, 1, 15000.00, 'completed', NULL, NULL, NULL, NULL, NULL, NULL, NULL, NULL, 'CASH', '2025-08-07 17:18:16'),
(518, 102, 2, 40000.00, 'completed', NULL, NULL, NULL, NULL, NULL, NULL, NULL, NULL, 'CASH', '2025-08-07 17:18:36'),
(519, 112, 1, 15000.00, 'completed', NULL, NULL, NULL, NULL, NULL, NULL, NULL, NULL, 'CASH', '2025-08-07 17:18:51'),
(520, 35, 1, 17000.00, 'completed', NULL, NULL, NULL, NULL, NULL, NULL, NULL, NULL, 'CASH', '2025-08-07 17:19:18'),
(521, 57, 1, 15000.00, 'completed', NULL, NULL, NULL, NULL, NULL, NULL, NULL, NULL, 'LIPA NUMBER', '2025-08-07 17:19:31'),
(522, 51, 1, 17000.00, 'completed', NULL, NULL, NULL, NULL, NULL, NULL, NULL, NULL, 'CASH', '2025-08-07 17:19:41'),
(523, 29, 1, 16000.00, 'completed', NULL, NULL, NULL, NULL, NULL, NULL, NULL, NULL, 'CASH', '2025-08-07 17:19:56'),
(524, 57, 2, 30000.00, 'completed', NULL, NULL, NULL, NULL, NULL, NULL, NULL, NULL, 'CASH', '2025-08-07 17:20:13'),
(525, 84, 2, 30000.00, 'completed', NULL, NULL, NULL, NULL, NULL, NULL, NULL, NULL, 'CASH', '2025-08-07 17:20:32'),
(526, 19, 1, 17000.00, 'completed', NULL, NULL, NULL, NULL, NULL, NULL, NULL, NULL, 'CASH', '2025-08-07 17:20:59'),
(527, 102, 1, 18000.00, 'completed', NULL, NULL, NULL, NULL, NULL, NULL, NULL, NULL, 'CASH', '2025-08-07 17:28:26'),
(528, 85, 2, 30000.00, 'completed', NULL, NULL, NULL, NULL, NULL, NULL, NULL, NULL, 'CASH', '2025-08-08 13:12:55'),
(529, 79, 1, 15000.00, 'completed', NULL, NULL, NULL, NULL, NULL, NULL, NULL, NULL, 'CASH', '2025-08-08 13:13:28'),
(530, 105, 1, 17000.00, 'completed', NULL, NULL, NULL, NULL, NULL, NULL, NULL, NULL, 'CASH', '2025-08-08 13:14:09'),
(531, 49, 1, 17000.00, 'completed', NULL, NULL, NULL, NULL, NULL, NULL, NULL, NULL, 'CASH', '2025-08-08 13:14:50'),
(532, 84, 1, 15000.00, 'completed', NULL, NULL, NULL, NULL, NULL, NULL, NULL, NULL, 'CASH', '2025-08-08 13:15:34'),
(533, 98, 1, 14500.00, 'completed', NULL, NULL, NULL, NULL, NULL, NULL, NULL, NULL, 'CASH', '2025-08-08 13:16:43'),
(534, 96, 1, 14500.00, 'completed', NULL, NULL, NULL, NULL, NULL, NULL, NULL, NULL, 'CASH', '2025-08-08 13:18:55'),
(536, 54, 1, 22000.00, 'completed', NULL, NULL, NULL, NULL, NULL, NULL, NULL, NULL, 'CASH', '2025-08-08 15:03:09'),
(537, 84, 1, 15000.00, 'completed', NULL, NULL, NULL, NULL, NULL, NULL, NULL, NULL, 'CASH', '2025-08-08 15:03:30'),
(538, 81, 1, 15000.00, 'completed', NULL, NULL, NULL, NULL, NULL, NULL, NULL, NULL, 'CASH', '2025-08-08 15:03:52'),
(539, 79, 1, 15000.00, 'completed', NULL, NULL, NULL, NULL, NULL, NULL, NULL, NULL, 'LIPA NUMBER', '2025-08-08 15:04:26'),
(540, 84, 1, 15000.00, 'completed', NULL, NULL, NULL, NULL, NULL, NULL, NULL, NULL, 'CASH', '2025-08-08 15:04:49'),
(541, 40, 1, 17000.00, 'completed', NULL, NULL, NULL, NULL, NULL, NULL, NULL, NULL, 'CASH', '2025-08-08 15:05:14'),
(542, 24, 4, 68000.00, 'completed', NULL, NULL, NULL, NULL, NULL, NULL, NULL, NULL, 'CASH', '2025-08-08 15:09:37'),
(543, 116, 1, 15000.00, 'completed', NULL, NULL, NULL, NULL, NULL, NULL, NULL, NULL, 'CASH', '2025-08-08 15:10:17'),
(544, 91, 1, 15000.00, 'completed', NULL, NULL, NULL, NULL, NULL, NULL, NULL, NULL, 'CASH', '2025-08-08 15:10:42'),
(547, 58, 1, 15000.00, 'completed', NULL, NULL, NULL, NULL, NULL, NULL, NULL, NULL, 'CASH', '2025-08-08 15:21:56'),
(548, 84, 5, 72500.00, 'completed', NULL, NULL, NULL, NULL, NULL, NULL, NULL, NULL, 'CASH', '2025-08-08 15:22:42'),
(549, 92, 3, 43500.00, 'completed', NULL, NULL, NULL, NULL, NULL, NULL, NULL, NULL, 'CASH', '2025-08-08 15:23:29'),
(550, 80, 3, 43500.00, 'completed', NULL, NULL, NULL, NULL, NULL, NULL, NULL, NULL, 'CASH', '2025-08-08 15:23:54'),
(551, 96, 3, 43500.00, 'completed', NULL, NULL, NULL, NULL, NULL, NULL, NULL, NULL, 'CASH', '2025-08-08 15:24:37'),
(552, 57, 3, 43500.00, 'completed', NULL, NULL, NULL, NULL, NULL, NULL, NULL, NULL, 'CASH', '2025-08-08 15:25:16'),
(553, 81, 2, 29000.00, 'completed', NULL, NULL, NULL, NULL, NULL, NULL, NULL, NULL, 'CASH', '2025-08-08 15:26:28'),
(554, 116, 3, 43500.00, 'completed', NULL, NULL, NULL, NULL, NULL, NULL, NULL, NULL, 'CASH', '2025-08-08 15:26:54'),
(555, 81, 1, 15000.00, 'completed', NULL, NULL, NULL, NULL, NULL, NULL, NULL, NULL, 'CASH', '2025-08-08 15:27:14'),
(556, 80, 1, 15000.00, 'completed', NULL, NULL, NULL, NULL, NULL, NULL, NULL, NULL, 'CASH', '2025-08-08 15:27:49'),
(557, 91, 1, 15000.00, 'completed', NULL, NULL, NULL, NULL, NULL, NULL, NULL, NULL, 'CASH', '2025-08-08 15:28:15'),
(558, 88, 1, 15000.00, 'completed', NULL, NULL, NULL, NULL, NULL, NULL, NULL, NULL, 'CASH', '2025-08-08 15:28:40'),
(559, 58, 1, 15000.00, 'completed', NULL, NULL, NULL, NULL, NULL, NULL, NULL, NULL, 'CASH', '2025-08-08 15:28:59'),
(561, 49, 1, 17000.00, 'completed', NULL, NULL, NULL, NULL, NULL, NULL, NULL, NULL, 'CASH', '2025-08-08 16:26:57'),
(562, 28, 1, 17000.00, 'completed', NULL, NULL, NULL, NULL, NULL, NULL, NULL, NULL, 'CASH', '2025-08-08 16:27:46'),
(563, 80, 1, 15000.00, 'completed', NULL, NULL, NULL, NULL, NULL, NULL, NULL, NULL, 'CASH', '2025-08-08 16:28:20'),
(564, 91, 1, 15000.00, 'completed', NULL, NULL, NULL, NULL, NULL, NULL, NULL, NULL, 'CASH', '2025-08-08 16:28:37'),
(565, 65, 2, 34000.00, 'completed', NULL, NULL, NULL, NULL, NULL, NULL, NULL, NULL, 'CRDB BANK', '2025-08-08 16:29:31'),
(566, 24, 2, 34000.00, 'completed', NULL, NULL, NULL, NULL, NULL, NULL, NULL, NULL, 'CRDB BANK', '2025-08-08 16:30:28'),
(567, 28, 1, 17000.00, 'completed', NULL, NULL, NULL, NULL, NULL, NULL, NULL, NULL, 'CRDB BANK', '2025-08-08 16:30:46'),
(568, 49, 2, 34000.00, 'completed', NULL, NULL, NULL, NULL, NULL, NULL, NULL, NULL, 'CRDB BANK', '2025-08-08 16:31:35'),
(569, 30, 1, 17000.00, 'completed', NULL, NULL, NULL, NULL, NULL, NULL, NULL, NULL, 'CRDB BANK', '2025-08-08 16:32:54'),
(570, 13, 2, 34000.00, 'completed', NULL, NULL, NULL, NULL, NULL, NULL, NULL, NULL, 'CRDB BANK', '2025-08-08 16:33:17'),
(571, 22, 2, 34000.00, 'completed', NULL, NULL, NULL, NULL, NULL, NULL, NULL, NULL, 'CRDB BANK', '2025-08-08 16:34:24'),
(572, 96, 1, 15000.00, 'completed', NULL, NULL, NULL, NULL, NULL, NULL, NULL, NULL, 'CASH', '2025-08-09 15:06:00'),
(573, 57, 1, 15000.00, 'completed', NULL, NULL, NULL, NULL, NULL, NULL, NULL, NULL, 'CASH', '2025-08-09 15:06:38'),
(574, 96, 1, 15000.00, 'completed', NULL, NULL, NULL, NULL, NULL, NULL, NULL, NULL, 'CASH', '2025-08-09 15:07:46'),
(575, 40, 1, 17000.00, 'completed', NULL, NULL, NULL, NULL, NULL, NULL, NULL, NULL, 'CASH', '2025-08-09 15:07:58'),
(576, 88, 1, 15000.00, 'completed', NULL, NULL, NULL, NULL, NULL, NULL, NULL, NULL, 'CASH', '2025-08-09 15:08:22'),
(577, 81, 1, 15000.00, 'completed', NULL, NULL, NULL, NULL, NULL, NULL, NULL, NULL, 'CASH', '2025-08-09 15:08:46'),
(578, 80, 1, 15000.00, 'completed', NULL, NULL, NULL, NULL, NULL, NULL, NULL, NULL, 'CASH', '2025-08-09 15:09:08'),
(579, 111, 1, 17000.00, 'completed', NULL, NULL, NULL, NULL, NULL, NULL, NULL, NULL, 'CASH', '2025-08-09 15:09:43'),
(580, 54, 6, 120000.00, 'completed', NULL, NULL, NULL, NULL, NULL, NULL, NULL, NULL, 'CASH', '2025-08-09 15:10:04'),
(581, 54, 2, 40000.00, 'completed', NULL, NULL, NULL, NULL, NULL, NULL, NULL, NULL, 'CASH', '2025-08-09 15:10:24'),
(582, 84, 1, 15000.00, 'completed', NULL, NULL, NULL, NULL, NULL, NULL, NULL, NULL, 'CASH', '2025-08-09 15:10:52'),
(583, 87, 1, 17000.00, 'completed', NULL, NULL, NULL, NULL, NULL, NULL, NULL, NULL, 'CASH', '2025-08-09 15:11:24'),
(584, 54, 3, 60000.00, 'completed', NULL, NULL, NULL, NULL, NULL, NULL, NULL, NULL, 'CASH', '2025-08-09 15:11:40'),
(585, 59, 1, 15000.00, 'completed', NULL, NULL, NULL, NULL, NULL, NULL, NULL, NULL, 'CASH', '2025-08-09 15:12:01'),
(586, 64, 1, 20000.00, 'completed', NULL, NULL, NULL, NULL, NULL, NULL, NULL, NULL, 'CASH', '2025-08-09 15:12:23'),
(587, 57, 1, 15000.00, 'completed', NULL, NULL, NULL, NULL, NULL, NULL, NULL, NULL, 'CASH', '2025-08-09 15:13:00'),
(588, 84, 1, 15000.00, 'completed', NULL, NULL, NULL, NULL, NULL, NULL, NULL, NULL, 'CASH', '2025-08-09 15:13:12'),
(589, 40, 1, 17000.00, 'completed', NULL, NULL, NULL, NULL, NULL, NULL, NULL, NULL, 'CASH', '2025-08-09 15:55:36'),
(590, 54, 1, 25000.00, 'completed', NULL, NULL, NULL, NULL, NULL, NULL, NULL, NULL, 'CASH', '2025-08-09 15:57:14'),
(591, 40, 1, 17000.00, 'completed', NULL, NULL, NULL, NULL, NULL, NULL, NULL, NULL, 'CASH', '2025-08-09 15:57:42'),
(592, 112, 7, 105000.00, 'completed', NULL, NULL, NULL, NULL, NULL, NULL, NULL, NULL, 'CASH', '2025-08-09 15:58:21'),
(593, 91, 7, 105000.00, 'completed', NULL, NULL, NULL, NULL, NULL, NULL, NULL, NULL, 'CASH', '2025-08-09 15:58:38'),
(594, 75, 7, 105000.00, 'completed', NULL, NULL, NULL, NULL, NULL, NULL, NULL, NULL, 'CASH', '2025-08-09 15:59:03'),
(595, 40, 4, 60000.00, 'completed', NULL, NULL, NULL, NULL, NULL, NULL, NULL, NULL, 'CASH', '2025-08-09 16:00:15'),
(596, 81, 4, 60000.00, 'completed', NULL, NULL, NULL, NULL, NULL, NULL, NULL, NULL, 'CASH', '2025-08-09 16:00:35'),
(597, 57, 3, 45000.00, 'completed', NULL, NULL, NULL, NULL, NULL, NULL, NULL, NULL, 'CASH', '2025-08-09 16:01:46'),
(598, 64, 1, 25000.00, 'completed', NULL, NULL, NULL, NULL, NULL, NULL, NULL, NULL, 'CASH', '2025-08-09 16:02:15'),
(599, 79, 1, 15000.00, 'completed', NULL, NULL, NULL, NULL, NULL, NULL, NULL, NULL, 'CASH', '2025-08-09 16:03:23'),
(600, 96, 3, 45000.00, 'completed', NULL, NULL, NULL, NULL, NULL, NULL, NULL, NULL, 'CASH', '2025-08-09 16:03:58'),
(601, 88, 2, 30000.00, 'completed', NULL, NULL, NULL, NULL, NULL, NULL, NULL, NULL, 'CASH', '2025-08-09 16:04:19'),
(602, 81, 1, 15000.00, 'completed', NULL, NULL, NULL, NULL, NULL, NULL, NULL, NULL, 'CASH', '2025-08-09 16:06:23'),
(603, 96, 1, 15000.00, 'completed', NULL, NULL, NULL, NULL, NULL, NULL, NULL, NULL, 'CASH', '2025-08-09 16:06:41'),
(604, 81, 1, 15000.00, 'completed', NULL, NULL, NULL, NULL, NULL, NULL, NULL, NULL, 'CASH', '2025-08-09 16:08:44'),
(605, 96, 2, 30000.00, 'completed', NULL, NULL, NULL, NULL, NULL, NULL, NULL, NULL, 'CASH', '2025-08-09 16:09:20'),
(606, 57, 1, 15000.00, 'completed', NULL, NULL, NULL, NULL, NULL, NULL, NULL, NULL, 'CASH', '2025-08-09 16:09:53'),
(607, 42, 1, 20000.00, 'completed', NULL, NULL, NULL, NULL, NULL, NULL, NULL, NULL, 'CASH', '2025-08-09 16:10:39'),
(608, 64, 1, 25000.00, 'completed', NULL, NULL, NULL, NULL, NULL, NULL, NULL, NULL, 'CASH', '2025-08-09 16:11:15'),
(609, 44, 3, 48000.00, 'completed', NULL, NULL, NULL, NULL, NULL, NULL, NULL, NULL, 'CASH', '2025-08-09 16:13:19'),
(610, 51, 2, 32000.00, 'completed', NULL, NULL, NULL, NULL, NULL, NULL, NULL, NULL, 'CASH', '2025-08-09 16:15:39'),
(611, 92, 1, 15000.00, 'completed', NULL, NULL, NULL, NULL, NULL, NULL, NULL, NULL, 'CASH', '2025-08-09 16:16:45'),
(612, 49, 1, 17000.00, 'completed', NULL, NULL, NULL, NULL, NULL, NULL, NULL, NULL, 'CASH', '2025-08-09 16:17:02'),
(613, 28, 1, 17000.00, 'completed', NULL, NULL, NULL, NULL, NULL, NULL, NULL, NULL, 'CASH', '2025-08-09 16:17:23'),
(614, 49, 1, 17000.00, 'completed', NULL, NULL, NULL, NULL, NULL, NULL, NULL, NULL, 'LIPA NUMBER', '2025-08-09 16:48:49'),
(617, 84, 4, 60000.00, 'completed', NULL, NULL, NULL, NULL, NULL, NULL, NULL, NULL, 'CASH', '2025-08-10 15:18:20'),
(618, 81, 1, 15000.00, 'completed', NULL, NULL, NULL, NULL, NULL, NULL, NULL, NULL, 'CASH', '2025-08-10 15:18:42'),
(619, 88, 1, 15000.00, 'completed', NULL, NULL, NULL, NULL, NULL, NULL, NULL, NULL, 'CASH', '2025-08-10 15:19:02'),
(620, 96, 1, 15000.00, 'completed', NULL, NULL, NULL, NULL, NULL, NULL, NULL, NULL, 'CASH', '2025-08-10 15:21:19'),
(621, 54, 1, 20000.00, 'completed', NULL, NULL, NULL, NULL, NULL, NULL, NULL, NULL, 'CASH', '2025-08-10 15:21:57'),
(622, 96, 1, 15000.00, 'completed', NULL, NULL, NULL, NULL, NULL, NULL, NULL, NULL, 'CASH', '2025-08-10 15:22:21'),
(623, 117, 1, 17000.00, 'completed', NULL, NULL, NULL, NULL, NULL, NULL, NULL, NULL, 'CASH', '2025-08-10 15:22:43'),
(624, 49, 1, 18000.00, 'completed', NULL, NULL, NULL, NULL, NULL, NULL, NULL, NULL, 'CASH', '2025-08-10 15:24:22'),
(625, 54, 5, 85000.00, 'completed', NULL, NULL, NULL, NULL, NULL, NULL, NULL, NULL, 'CASH', '2025-08-10 15:25:26'),
(626, 14, 5, 85000.00, 'completed', NULL, NULL, NULL, NULL, NULL, NULL, NULL, NULL, 'CASH', '2025-08-10 15:26:23'),
(627, 112, 10, 150000.00, 'completed', NULL, NULL, NULL, NULL, NULL, NULL, NULL, NULL, 'CASH', '2025-08-10 15:26:51'),
(628, 38, 2, 34000.00, 'completed', NULL, NULL, NULL, NULL, NULL, NULL, NULL, NULL, 'CASH', '2025-08-10 15:27:37'),
(629, 117, 2, 36000.00, 'completed', NULL, NULL, NULL, NULL, NULL, NULL, NULL, NULL, 'CASH', '2025-08-10 15:28:06'),
(630, 120, 8, 160000.00, 'completed', NULL, NULL, NULL, NULL, NULL, NULL, NULL, NULL, 'CASH', '2025-08-11 09:08:32'),
(631, 103, 12, 192000.00, 'completed', NULL, NULL, NULL, NULL, NULL, NULL, NULL, NULL, 'CASH', '2025-08-11 12:35:46'),
(632, 88, 1, 15000.00, 'completed', NULL, NULL, NULL, NULL, NULL, NULL, NULL, NULL, 'CASH', '2025-08-11 12:37:20'),
(633, 96, 1, 15000.00, 'completed', NULL, NULL, NULL, NULL, NULL, NULL, NULL, NULL, 'CASH', '2025-08-11 12:40:35'),
(634, 58, 1, 15000.00, 'completed', NULL, NULL, NULL, NULL, NULL, NULL, NULL, NULL, 'CASH', '2025-08-11 12:42:18'),
(635, 57, 1, 15000.00, 'completed', NULL, NULL, NULL, NULL, NULL, NULL, NULL, NULL, 'CASH', '2025-08-11 15:44:21'),
(636, 80, 1, 15000.00, 'completed', NULL, NULL, NULL, NULL, NULL, NULL, NULL, NULL, 'CASH', '2025-08-11 15:44:59'),
(637, 15, 1, 20000.00, 'completed', NULL, NULL, NULL, NULL, NULL, NULL, NULL, NULL, 'CASH', '2025-08-11 15:45:32'),
(638, 35, 1, 17000.00, 'completed', NULL, NULL, NULL, NULL, NULL, NULL, NULL, NULL, 'CASH', '2025-08-11 15:46:01'),
(639, 88, 1, 15000.00, 'completed', NULL, NULL, NULL, NULL, NULL, NULL, NULL, NULL, 'CASH', '2025-08-11 15:46:26'),
(640, 81, 1, 15000.00, 'completed', NULL, NULL, NULL, NULL, NULL, NULL, NULL, NULL, 'CASH', '2025-08-11 15:46:49'),
(641, 122, 2, 36000.00, 'completed', NULL, NULL, NULL, NULL, NULL, NULL, NULL, NULL, 'CASH', '2025-08-11 15:47:30'),
(642, 24, 2, 34000.00, 'completed', NULL, NULL, NULL, NULL, NULL, NULL, NULL, NULL, 'CASH', '2025-08-11 15:50:10'),
(643, 35, 1, 17000.00, 'completed', NULL, NULL, NULL, NULL, NULL, NULL, NULL, NULL, 'CASH', '2025-08-11 15:53:26'),
(644, 40, 1, 17000.00, 'completed', NULL, NULL, NULL, NULL, NULL, NULL, NULL, NULL, 'CASH', '2025-08-11 15:54:21'),
(645, 49, 1, 17000.00, 'completed', NULL, NULL, NULL, NULL, NULL, NULL, NULL, NULL, 'CASH', '2025-08-11 15:57:31'),
(646, 81, 1, 15000.00, 'completed', NULL, NULL, NULL, NULL, NULL, NULL, NULL, NULL, 'CASH', '2025-08-11 15:58:08'),
(647, 36, 1, 17000.00, 'completed', NULL, NULL, NULL, NULL, NULL, NULL, NULL, NULL, 'CASH', '2025-08-11 15:59:10'),
(648, 117, 1, 18000.00, 'completed', NULL, NULL, NULL, NULL, NULL, NULL, NULL, NULL, 'CASH', '2025-08-11 15:59:58'),
(649, 49, 1, 17000.00, 'completed', NULL, NULL, NULL, NULL, NULL, NULL, NULL, NULL, 'CASH', '2025-08-11 16:01:14'),
(650, 57, 1, 15000.00, 'completed', NULL, NULL, NULL, NULL, NULL, NULL, NULL, NULL, 'CASH', '2025-08-11 16:02:26'),
(651, 96, 1, 15000.00, 'completed', NULL, NULL, NULL, NULL, NULL, NULL, NULL, NULL, 'LIPA NUMBER', '2025-08-11 16:04:18'),
(652, 117, 2, 36000.00, 'completed', NULL, NULL, NULL, NULL, NULL, NULL, NULL, NULL, 'CASH', '2025-08-11 16:05:34'),
(653, 35, 2, 32000.00, 'completed', NULL, NULL, NULL, NULL, NULL, NULL, NULL, NULL, 'CASH', '2025-08-11 16:06:47'),
(654, 54, 4, 80000.00, 'completed', NULL, NULL, NULL, NULL, NULL, NULL, NULL, NULL, 'CASH', '2025-08-11 16:07:18'),
(655, 29, 1, 16000.00, 'completed', NULL, NULL, NULL, NULL, NULL, NULL, NULL, NULL, 'CASH', '2025-08-11 16:07:52'),
(656, 39, 2, 32000.00, 'completed', NULL, NULL, NULL, NULL, NULL, NULL, NULL, NULL, 'CASH', '2025-08-11 16:09:24'),
(657, 49, 1, 16000.00, 'completed', NULL, NULL, NULL, NULL, NULL, NULL, NULL, NULL, 'CASH', '2025-08-11 16:24:39'),
(658, 46, 2, 32000.00, 'completed', NULL, NULL, NULL, NULL, NULL, NULL, NULL, NULL, 'CASH', '2025-08-11 16:27:27'),
(659, 58, 1, 15000.00, 'completed', NULL, NULL, NULL, NULL, NULL, NULL, NULL, NULL, 'CASH', '2025-08-11 16:28:22'),
(660, 96, 1, 15000.00, 'completed', NULL, NULL, NULL, NULL, NULL, NULL, NULL, NULL, 'CASH', '2025-08-11 16:29:41'),
(661, 88, 1, 15000.00, 'completed', NULL, NULL, NULL, NULL, NULL, NULL, NULL, NULL, 'CASH', '2025-08-11 16:30:11'),
(662, 33, 2, 34000.00, 'completed', NULL, NULL, NULL, NULL, NULL, NULL, NULL, NULL, 'CASH', '2025-08-11 16:33:55'),
(663, 78, 17, 246500.00, 'completed', NULL, NULL, NULL, NULL, NULL, NULL, NULL, NULL, 'CASH', '2025-08-11 16:41:37'),
(664, 118, 1, 17000.00, 'completed', NULL, NULL, NULL, NULL, NULL, NULL, NULL, NULL, 'CASH', '2025-08-11 16:43:22'),
(665, 117, 1, 18000.00, 'completed', NULL, NULL, NULL, NULL, NULL, NULL, NULL, NULL, 'CASH', '2025-08-11 16:53:42'),
(666, 40, 1, 17000.00, 'completed', NULL, NULL, NULL, NULL, NULL, NULL, NULL, NULL, 'CASH', '2025-08-11 16:54:11'),
(667, 87, 1, 17000.00, 'completed', NULL, NULL, NULL, NULL, NULL, NULL, NULL, NULL, 'CASH', '2025-08-11 16:54:43'),
(668, 33, 1, 17000.00, 'completed', NULL, NULL, NULL, NULL, NULL, NULL, NULL, NULL, 'CASH', '2025-08-11 16:55:36'),
(669, 118, 2, 34000.00, 'completed', NULL, NULL, NULL, NULL, NULL, NULL, NULL, NULL, 'CASH', '2025-08-11 16:56:23'),
(670, 45, 1, 17000.00, 'completed', NULL, NULL, NULL, NULL, NULL, NULL, NULL, NULL, 'CASH', '2025-08-11 16:56:44'),
(671, 42, 1, 17000.00, 'completed', NULL, NULL, NULL, NULL, NULL, NULL, NULL, NULL, 'CASH', '2025-08-11 16:57:15'),
(672, 35, 2, 34000.00, 'completed', NULL, NULL, NULL, NULL, NULL, NULL, NULL, NULL, 'CASH', '2025-08-11 16:57:28'),
(673, 39, 1, 17000.00, 'completed', NULL, NULL, NULL, NULL, NULL, NULL, NULL, NULL, 'CASH', '2025-08-11 16:57:43'),
(674, 81, 1, 15000.00, 'completed', NULL, NULL, NULL, NULL, NULL, NULL, NULL, NULL, 'CASH', '2025-08-11 16:58:00'),
(675, 91, 1, 15000.00, 'completed', NULL, NULL, NULL, NULL, NULL, NULL, NULL, NULL, 'CASH', '2025-08-11 16:58:12'),
(676, 117, 1, 18000.00, 'completed', NULL, NULL, NULL, NULL, NULL, NULL, NULL, NULL, 'CASH', '2025-08-11 16:58:37'),
(677, 21, 1, 17000.00, 'completed', NULL, NULL, NULL, NULL, NULL, NULL, NULL, NULL, 'CASH', '2025-08-11 16:58:51'),
(678, 36, 2, 34000.00, 'completed', NULL, NULL, NULL, NULL, NULL, NULL, NULL, NULL, 'CASH', '2025-08-11 16:59:02'),
(679, 87, 1, 17000.00, 'completed', NULL, NULL, NULL, NULL, NULL, NULL, NULL, NULL, 'CASH', '2025-08-11 16:59:14'),
(680, 17, 1, 17000.00, 'completed', NULL, NULL, NULL, NULL, NULL, NULL, NULL, NULL, 'CASH', '2025-08-11 16:59:25'),
(681, 36, 2, 34000.00, 'completed', NULL, NULL, NULL, NULL, NULL, NULL, NULL, NULL, 'CASH', '2025-08-11 16:59:41'),
(682, 15, 4, 80000.00, 'completed', NULL, NULL, NULL, NULL, NULL, NULL, NULL, NULL, 'CASH', '2025-08-11 17:00:14'),
(683, 35, 1, 17000.00, 'completed', NULL, NULL, NULL, NULL, NULL, NULL, NULL, NULL, 'CASH', '2025-08-11 17:00:25'),
(684, 117, 1, 18000.00, 'completed', NULL, NULL, NULL, NULL, NULL, NULL, NULL, NULL, 'CASH', '2025-08-11 17:00:44'),
(685, 35, 4, 68000.00, 'completed', NULL, NULL, NULL, NULL, NULL, NULL, NULL, NULL, 'CASH', '2025-08-11 17:01:28'),
(686, 46, 1, 17000.00, 'completed', NULL, NULL, NULL, NULL, NULL, NULL, NULL, NULL, 'CASH', '2025-08-11 17:01:41'),
(687, 117, 1, 18000.00, 'completed', NULL, NULL, NULL, NULL, NULL, NULL, NULL, NULL, 'CASH', '2025-08-11 17:02:08'),
(688, 53, 2, 40000.00, 'completed', NULL, NULL, NULL, NULL, NULL, NULL, NULL, NULL, 'CASH', '2025-08-11 17:11:29'),
(689, 14, 20, 340000.00, 'completed', NULL, NULL, NULL, NULL, NULL, NULL, NULL, NULL, 'CASH', '2025-08-11 17:12:42'),
(690, 64, 4, 80000.00, 'completed', NULL, NULL, NULL, NULL, NULL, NULL, NULL, NULL, 'CASH', '2025-08-11 17:22:42'),
(691, 35, 3, 51000.00, 'completed', NULL, NULL, NULL, NULL, NULL, NULL, NULL, NULL, 'CASH', '2025-08-11 17:23:00'),
(692, 29, 1, 16000.00, 'completed', NULL, NULL, NULL, NULL, NULL, NULL, NULL, NULL, 'CASH', '2025-08-11 17:23:04'),
(693, 118, 10, 160000.00, 'completed', NULL, NULL, NULL, NULL, NULL, NULL, NULL, NULL, 'CASH', '2025-08-11 17:23:44'),
(694, 39, 1, 16000.00, 'completed', NULL, NULL, NULL, NULL, NULL, NULL, NULL, NULL, 'CASH', '2025-08-11 17:24:33'),
(695, 51, 2, 32000.00, 'completed', NULL, NULL, NULL, NULL, NULL, NULL, NULL, NULL, 'CASH', '2025-08-11 17:25:11'),
(696, 49, 1, 16000.00, 'completed', NULL, NULL, NULL, NULL, NULL, NULL, NULL, NULL, 'CASH', '2025-08-11 17:26:53'),
(697, 40, 2, 34000.00, 'completed', NULL, NULL, NULL, NULL, NULL, NULL, NULL, NULL, 'CASH', '2025-08-11 17:27:21'),
(698, 42, 1, 17000.00, 'completed', NULL, NULL, NULL, NULL, NULL, NULL, NULL, NULL, 'CASH', '2025-08-11 17:27:38'),
(699, 84, 2, 30000.00, 'completed', NULL, NULL, NULL, NULL, NULL, NULL, NULL, NULL, 'CASH', '2025-08-11 17:27:53'),
(700, 57, 2, 30000.00, 'completed', NULL, NULL, NULL, NULL, NULL, NULL, NULL, NULL, 'CASH', '2025-08-11 17:28:05'),
(701, 122, 5, 90000.00, 'completed', NULL, NULL, NULL, NULL, NULL, NULL, NULL, NULL, 'CASH', '2025-08-11 17:29:03'),
(702, 85, 1, 15000.00, 'completed', NULL, NULL, NULL, NULL, NULL, NULL, NULL, NULL, 'CASH', '2025-08-11 17:29:31'),
(703, 39, 1, 17000.00, 'completed', NULL, NULL, NULL, NULL, NULL, NULL, NULL, NULL, 'LIPA NUMBER', '2025-08-11 17:30:08'),
(704, 22, 2, 34000.00, 'completed', NULL, NULL, NULL, NULL, NULL, NULL, NULL, NULL, 'CASH', '2025-08-11 17:30:36'),
(705, 92, 1, 15000.00, 'completed', NULL, NULL, NULL, NULL, NULL, NULL, NULL, NULL, 'CASH', '2025-08-11 17:30:55'),
(706, 49, 1, 17000.00, 'completed', NULL, NULL, NULL, NULL, NULL, NULL, NULL, NULL, 'CASH', '2025-08-11 17:31:16'),
(707, 128, 10, 200000.00, 'completed', NULL, NULL, NULL, NULL, NULL, NULL, NULL, NULL, 'CASH', '2025-08-12 09:02:57'),
(708, 32, 1, 17000.00, 'completed', NULL, NULL, NULL, NULL, NULL, NULL, NULL, NULL, 'CASH', '2025-08-12 09:28:23'),
(709, 69, 1, 15000.00, 'completed', NULL, NULL, NULL, NULL, NULL, NULL, NULL, NULL, 'CASH', '2025-08-12 16:25:23'),
(710, 117, 1, 18000.00, 'completed', NULL, NULL, NULL, NULL, NULL, NULL, NULL, NULL, 'CASH', '2025-08-12 16:25:47'),
(711, 40, 1, 17000.00, 'completed', NULL, NULL, NULL, NULL, NULL, NULL, NULL, NULL, 'CASH', '2025-08-12 16:38:00'),
(712, 24, 1, 17000.00, 'completed', NULL, NULL, NULL, NULL, NULL, NULL, NULL, NULL, 'CASH', '2025-08-12 16:38:18'),
(713, 117, 1, 18000.00, 'completed', NULL, NULL, NULL, NULL, NULL, NULL, NULL, NULL, 'CASH', '2025-08-12 16:41:08'),
(714, 40, 1, 17000.00, 'completed', NULL, NULL, NULL, NULL, NULL, NULL, NULL, NULL, 'CASH', '2025-08-12 16:43:52'),
(715, 117, 6, 108000.00, 'completed', NULL, NULL, NULL, NULL, NULL, NULL, NULL, NULL, 'CASH', '2025-08-12 16:44:11'),
(716, 96, 1, 15000.00, 'completed', NULL, NULL, NULL, NULL, NULL, NULL, NULL, NULL, 'CASH', '2025-08-12 16:44:32'),
(717, 118, 1, 17000.00, 'completed', NULL, NULL, NULL, NULL, NULL, NULL, NULL, NULL, 'CASH', '2025-08-12 16:44:49'),
(718, 124, 1, 17000.00, 'completed', NULL, NULL, NULL, NULL, NULL, NULL, NULL, NULL, 'CASH', '2025-08-12 16:45:00'),
(719, 46, 1, 17000.00, 'completed', NULL, NULL, NULL, NULL, NULL, NULL, NULL, NULL, 'CASH', '2025-08-12 16:46:17'),
(720, 117, 1, 18000.00, 'completed', NULL, NULL, NULL, NULL, NULL, NULL, NULL, NULL, 'CASH', '2025-08-12 16:47:17'),
(721, 40, 1, 17000.00, 'completed', NULL, NULL, NULL, NULL, NULL, NULL, NULL, NULL, 'CASH', '2025-08-12 16:47:35'),
(722, 117, 1, 18000.00, 'completed', NULL, NULL, NULL, NULL, NULL, NULL, NULL, NULL, 'CASH', '2025-08-12 16:48:04'),
(723, 35, 1, 17000.00, 'completed', NULL, NULL, NULL, NULL, NULL, NULL, NULL, NULL, 'CASH', '2025-08-12 16:48:19'),
(724, 57, 1, 15000.00, 'completed', NULL, NULL, NULL, NULL, NULL, NULL, NULL, NULL, 'CASH', '2025-08-12 16:48:35'),
(725, 122, 1, 18000.00, 'completed', NULL, NULL, NULL, NULL, NULL, NULL, NULL, NULL, 'CASH', '2025-08-12 16:48:52'),
(726, 36, 23, 379500.00, 'completed', NULL, NULL, NULL, NULL, NULL, NULL, NULL, NULL, 'CASH', '2025-08-12 16:49:29'),
(727, 17, 22, 363000.00, 'completed', NULL, NULL, NULL, NULL, NULL, NULL, NULL, NULL, 'CASH', '2025-08-12 16:49:50'),
(728, 24, 10, 165000.00, 'completed', NULL, NULL, NULL, NULL, NULL, NULL, NULL, NULL, 'CASH', '2025-08-12 16:53:49'),
(729, 40, 22, 363000.00, 'completed', NULL, NULL, NULL, NULL, NULL, NULL, NULL, NULL, 'CASH', '2025-08-12 16:54:23'),
(730, 32, 22, 363000.00, 'completed', NULL, NULL, NULL, NULL, NULL, NULL, NULL, NULL, 'CASH', '2025-08-12 16:54:39'),
(731, 42, 1, 17000.00, 'completed', NULL, NULL, NULL, NULL, NULL, NULL, NULL, NULL, 'CASH', '2025-08-12 16:55:05'),
(732, 40, 1, 17000.00, 'completed', NULL, NULL, NULL, NULL, NULL, NULL, NULL, NULL, 'CASH', '2025-08-12 16:55:18'),
(733, 122, 1, 18000.00, 'completed', NULL, NULL, NULL, NULL, NULL, NULL, NULL, NULL, 'CASH', '2025-08-12 16:55:35'),
(734, 55, 1, 17000.00, 'completed', NULL, NULL, NULL, NULL, NULL, NULL, NULL, NULL, 'CASH', '2025-08-12 16:55:53'),
(735, 35, 1, 17000.00, 'completed', NULL, NULL, NULL, NULL, NULL, NULL, NULL, NULL, 'CASH', '2025-08-12 16:56:06'),
(736, 49, 1, 17000.00, 'completed', NULL, NULL, NULL, NULL, NULL, NULL, NULL, NULL, 'CASH', '2025-08-12 16:56:30'),
(737, 49, 1, 17000.00, 'completed', NULL, NULL, NULL, NULL, NULL, NULL, NULL, NULL, 'CASH', '2025-08-12 16:56:57'),
(738, 81, 1, 15000.00, 'completed', NULL, NULL, NULL, NULL, NULL, NULL, NULL, NULL, 'CASH', '2025-08-12 16:57:19'),
(739, 81, 1, 15000.00, 'completed', NULL, NULL, NULL, NULL, NULL, NULL, NULL, NULL, 'CASH', '2025-08-12 16:57:41'),
(740, 91, 3, 45000.00, 'completed', NULL, NULL, NULL, NULL, NULL, NULL, NULL, NULL, 'CASH', '2025-08-12 16:57:53'),
(741, 112, 3, 45000.00, 'completed', NULL, NULL, NULL, NULL, NULL, NULL, NULL, NULL, 'CASH', '2025-08-12 16:58:06'),
(742, 86, 1, 15000.00, 'completed', NULL, NULL, NULL, NULL, NULL, NULL, NULL, NULL, 'CASH', '2025-08-12 16:58:22'),
(743, 90, 3, 45000.00, 'completed', NULL, NULL, NULL, NULL, NULL, NULL, NULL, NULL, 'CASH', '2025-08-12 16:58:36'),
(744, 122, 1, 18000.00, 'completed', NULL, NULL, NULL, NULL, NULL, NULL, NULL, NULL, 'CASH', '2025-08-12 16:58:51'),
(745, 91, 2, 30000.00, 'completed', NULL, NULL, NULL, NULL, NULL, NULL, NULL, NULL, 'CASH', '2025-08-12 16:59:04'),
(746, 42, 1, 17000.00, 'completed', NULL, NULL, NULL, NULL, NULL, NULL, NULL, NULL, 'CASH', '2025-08-12 16:59:18'),
(747, 29, 1, 17000.00, 'completed', NULL, NULL, NULL, NULL, NULL, NULL, NULL, NULL, 'CASH', '2025-08-12 16:59:36'),
(748, 36, 1, 17000.00, 'completed', NULL, NULL, NULL, NULL, NULL, NULL, NULL, NULL, 'CASH', '2025-08-12 16:59:57'),
(749, 96, 2, 30000.00, 'completed', NULL, NULL, NULL, NULL, NULL, NULL, NULL, NULL, 'CASH', '2025-08-12 17:00:15'),
(750, 35, 2, 34000.00, 'completed', NULL, NULL, NULL, NULL, NULL, NULL, NULL, NULL, 'CASH', '2025-08-12 17:00:28'),
(751, 40, 1, 17000.00, 'completed', NULL, NULL, NULL, NULL, NULL, NULL, NULL, NULL, 'CASH', '2025-08-12 17:00:39'),
(752, 42, 1, 17000.00, 'completed', NULL, NULL, NULL, NULL, NULL, NULL, NULL, NULL, 'CASH', '2025-08-12 17:00:51'),
(753, 17, 1, 17000.00, 'completed', NULL, NULL, NULL, NULL, NULL, NULL, NULL, NULL, 'CASH', '2025-08-12 17:01:08'),
(754, 117, 1, 18000.00, 'completed', NULL, NULL, NULL, NULL, NULL, NULL, NULL, NULL, 'CASH', '2025-08-12 17:01:24'),
(755, 117, 5, 90000.00, 'completed', NULL, NULL, NULL, NULL, NULL, NULL, NULL, NULL, 'CASH', '2025-08-12 17:01:43'),
(756, 122, 3, 54000.00, 'completed', NULL, NULL, NULL, NULL, NULL, NULL, NULL, NULL, 'CASH', '2025-08-12 17:02:07'),
(757, 118, 3, 51000.00, 'completed', NULL, NULL, NULL, NULL, NULL, NULL, NULL, NULL, 'CASH', '2025-08-12 17:02:21'),
(758, 54, 1, 20000.00, 'completed', NULL, NULL, NULL, NULL, NULL, NULL, NULL, NULL, 'CASH', '2025-08-12 17:02:39'),
(759, 84, 1, 15000.00, 'completed', NULL, NULL, NULL, NULL, NULL, NULL, NULL, NULL, 'CASH', '2025-08-12 17:02:54'),
(760, 39, 1, 20000.00, 'completed', NULL, NULL, NULL, NULL, NULL, NULL, NULL, NULL, 'CASH', '2025-08-12 17:03:18'),
(761, 35, 1, 20000.00, 'completed', NULL, NULL, NULL, NULL, NULL, NULL, NULL, NULL, 'CASH', '2025-08-12 17:03:36'),
(762, 118, 1, 20000.00, 'completed', NULL, NULL, NULL, NULL, NULL, NULL, NULL, NULL, 'CASH', '2025-08-12 17:04:00'),
(763, 36, 1, 20000.00, 'completed', NULL, NULL, NULL, NULL, NULL, NULL, NULL, NULL, 'CASH', '2025-08-12 17:04:55'),
(764, 29, 1, 17000.00, 'completed', NULL, NULL, NULL, NULL, NULL, NULL, NULL, NULL, 'CASH', '2025-08-12 17:05:15'),
(765, 35, 1, 17000.00, 'completed', NULL, NULL, NULL, NULL, NULL, NULL, NULL, NULL, 'CASH', '2025-08-12 17:05:36'),
(766, 21, 1, 18000.00, 'completed', NULL, NULL, NULL, NULL, NULL, NULL, NULL, NULL, 'CASH', '2025-08-12 17:10:35'),
(767, 117, 2, 36000.00, 'completed', NULL, NULL, NULL, NULL, NULL, NULL, NULL, NULL, 'CASH', '2025-08-12 17:11:00'),
(768, 24, 1, 17000.00, 'completed', NULL, NULL, NULL, NULL, NULL, NULL, NULL, NULL, 'CASH', '2025-08-12 17:11:23'),
(769, 118, 1, 17000.00, 'completed', NULL, NULL, NULL, NULL, NULL, NULL, NULL, NULL, 'CASH', '2025-08-12 17:11:43'),
(770, 117, 1, 18000.00, 'completed', NULL, NULL, NULL, NULL, NULL, NULL, NULL, NULL, 'CASH', '2025-08-12 17:12:02'),
(771, 122, 1, 18000.00, 'completed', NULL, NULL, NULL, NULL, NULL, NULL, NULL, NULL, 'CASH', '2025-08-12 17:12:18'),
(772, 53, 7, 133000.00, 'completed', NULL, NULL, NULL, NULL, NULL, NULL, NULL, NULL, 'CASH', '2025-08-12 17:13:53'),
(773, 69, 1, 15000.00, 'completed', NULL, NULL, NULL, NULL, NULL, NULL, NULL, NULL, 'CASH', '2025-08-13 16:56:00'),
(774, 81, 1, 15000.00, 'completed', NULL, NULL, NULL, NULL, NULL, NULL, NULL, NULL, 'CASH', '2025-08-13 16:56:22'),
(775, 81, 1, 15000.00, 'completed', NULL, NULL, NULL, NULL, NULL, NULL, NULL, NULL, 'CASH', '2025-08-13 16:56:41'),
(776, 29, 1, 16000.00, 'completed', NULL, NULL, NULL, NULL, NULL, NULL, NULL, NULL, 'CASH', '2025-08-13 16:57:01'),
(777, 57, 1, 15000.00, 'completed', NULL, NULL, NULL, NULL, NULL, NULL, NULL, NULL, 'CASH', '2025-08-13 16:57:22'),
(778, 57, 1, 15000.00, 'completed', NULL, NULL, NULL, NULL, NULL, NULL, NULL, NULL, 'CASH', '2025-08-13 16:57:39'),
(779, 83, 1, 15000.00, 'completed', NULL, NULL, NULL, NULL, NULL, NULL, NULL, NULL, 'CASH', '2025-08-13 16:57:52'),
(780, 88, 1, 15000.00, 'completed', NULL, NULL, NULL, NULL, NULL, NULL, NULL, NULL, 'CASH', '2025-08-13 16:58:12'),
(781, 18, 1, 17000.00, 'completed', NULL, NULL, NULL, NULL, NULL, NULL, NULL, NULL, 'CASH', '2025-08-13 16:58:25'),
(782, 61, 1, 17000.00, 'completed', NULL, NULL, NULL, NULL, NULL, NULL, NULL, NULL, 'CASH', '2025-08-13 16:58:53'),
(783, 54, 2, 40000.00, 'completed', NULL, NULL, NULL, NULL, NULL, NULL, NULL, NULL, 'LIPA NUMBER', '2025-08-13 16:59:09'),
(784, 13, 3, 48000.00, 'completed', NULL, NULL, NULL, NULL, NULL, NULL, NULL, NULL, 'CASH', '2025-08-13 16:59:29'),
(785, 111, 1, 17000.00, 'completed', NULL, NULL, NULL, NULL, NULL, NULL, NULL, NULL, 'CASH', '2025-08-13 17:00:05'),
(786, 42, 2, 34000.00, 'completed', NULL, NULL, NULL, NULL, NULL, NULL, NULL, NULL, 'CASH', '2025-08-13 17:00:35'),
(787, 57, 2, 30000.00, 'completed', NULL, NULL, NULL, NULL, NULL, NULL, NULL, NULL, 'CASH', '2025-08-13 17:00:51'),
(788, 122, 1, 18000.00, 'completed', NULL, NULL, NULL, NULL, NULL, NULL, NULL, NULL, 'CASH', '2025-08-13 17:01:12'),
(789, 57, 1, 15000.00, 'completed', NULL, NULL, NULL, NULL, NULL, NULL, NULL, NULL, 'CASH', '2025-08-13 17:01:28'),
(790, 81, 1, 15000.00, 'completed', NULL, NULL, NULL, NULL, NULL, NULL, NULL, NULL, 'CASH', '2025-08-13 17:01:45'),
(791, 54, 1, 20000.00, 'completed', NULL, NULL, NULL, NULL, NULL, NULL, NULL, NULL, 'CASH', '2025-08-13 17:01:57'),
(792, 84, 1, 15000.00, 'completed', NULL, NULL, NULL, NULL, NULL, NULL, NULL, NULL, 'CASH', '2025-08-13 17:02:11'),
(793, 123, 1, 17000.00, 'completed', NULL, NULL, NULL, NULL, NULL, NULL, NULL, NULL, 'CASH', '2025-08-13 17:02:27'),
(794, 117, 1, 18000.00, 'completed', NULL, NULL, NULL, NULL, NULL, NULL, NULL, NULL, 'CASH', '2025-08-13 17:02:46'),
(795, 15, 1, 20000.00, 'completed', NULL, NULL, NULL, NULL, NULL, NULL, NULL, NULL, 'LIPA NUMBER', '2025-08-13 17:03:01'),
(796, 81, 1, 15000.00, 'completed', NULL, NULL, NULL, NULL, NULL, NULL, NULL, NULL, 'CASH', '2025-08-13 17:03:16'),
(797, 35, 1, 17000.00, 'completed', NULL, NULL, NULL, NULL, NULL, NULL, NULL, NULL, 'CASH', '2025-08-13 17:03:27'),
(798, 65, 1, 16000.00, 'completed', NULL, NULL, NULL, NULL, NULL, NULL, NULL, NULL, 'CASH', '2025-08-13 17:03:53'),
(799, 35, 1, 17000.00, 'completed', NULL, NULL, NULL, NULL, NULL, NULL, NULL, NULL, 'CASH', '2025-08-13 17:04:05'),
(800, 40, 1, 17000.00, 'completed', NULL, NULL, NULL, NULL, NULL, NULL, NULL, NULL, 'CASH', '2025-08-13 17:04:17'),
(801, 14, 1, 17000.00, 'completed', NULL, NULL, NULL, NULL, NULL, NULL, NULL, NULL, 'CASH', '2025-08-13 17:04:35'),
(802, 35, 1, 16000.00, 'completed', NULL, NULL, NULL, NULL, NULL, NULL, NULL, NULL, 'CASH', '2025-08-13 17:04:50'),
(803, 40, 2, 32000.00, 'completed', NULL, NULL, NULL, NULL, NULL, NULL, NULL, NULL, 'CASH', '2025-08-13 17:11:51'),
(804, 32, 1, 17000.00, 'completed', NULL, NULL, NULL, NULL, NULL, NULL, NULL, NULL, 'CASH', '2025-08-13 17:12:04'),
(805, 35, 1, 17000.00, 'completed', NULL, NULL, NULL, NULL, NULL, NULL, NULL, NULL, 'CASH', '2025-08-13 17:12:15'),
(806, 118, 1, 17000.00, 'completed', NULL, NULL, NULL, NULL, NULL, NULL, NULL, NULL, 'CASH', '2025-08-13 17:12:29'),
(807, 122, 4, 68000.00, 'completed', NULL, NULL, NULL, NULL, NULL, NULL, NULL, NULL, 'CASH', '2025-08-13 17:13:30'),
(808, 105, 1, 17000.00, 'completed', NULL, NULL, NULL, NULL, NULL, NULL, NULL, NULL, 'CASH', '2025-08-13 17:13:43'),
(809, 117, 1, 17000.00, 'completed', NULL, NULL, NULL, NULL, NULL, NULL, NULL, NULL, 'CASH', '2025-08-13 17:13:57'),
(810, 24, 1, 17000.00, 'completed', NULL, NULL, NULL, NULL, NULL, NULL, NULL, NULL, 'CASH', '2025-08-13 17:20:52'),
(811, 117, 1, 17000.00, 'completed', NULL, NULL, NULL, NULL, NULL, NULL, NULL, NULL, 'CASH', '2025-08-13 17:21:08'),
(812, 35, 23, 368000.00, 'completed', NULL, NULL, NULL, NULL, NULL, NULL, NULL, NULL, 'CASH', '2025-08-13 17:21:22'),
(813, 117, 28, 476000.00, 'completed', NULL, NULL, NULL, NULL, NULL, NULL, NULL, NULL, 'CASH', '2025-08-13 17:21:39'),
(814, 132, 19, 304000.00, 'completed', NULL, NULL, NULL, NULL, NULL, NULL, NULL, NULL, 'CASH', '2025-08-13 17:23:23'),
(815, 132, 1, 16000.00, 'completed', NULL, NULL, NULL, NULL, NULL, NULL, NULL, NULL, 'CASH', '2025-08-13 17:24:36');

-- --------------------------------------------------------

--
-- Table structure for table `stock_movements`
--

DROP TABLE IF EXISTS `stock_movements`;
CREATE TABLE `stock_movements` (
  `movement_id` int(11) NOT NULL,
  `product_id` int(11) DEFAULT NULL,
  `sale_id` int(11) DEFAULT NULL,
  `movement_type` enum('in','out') NOT NULL,
  `quantity` int(11) NOT NULL,
  `reason` varchar(100) DEFAULT NULL,
  `created_at` timestamp NOT NULL DEFAULT current_timestamp()
) ENGINE=InnoDB DEFAULT CHARSET=utf8mb4 COLLATE=utf8mb4_general_ci;

--
-- Dumping data for table `stock_movements`
--

INSERT INTO `stock_movements` (`movement_id`, `product_id`, `sale_id`, `movement_type`, `quantity`, `reason`, `created_at`) VALUES
(1, NULL, NULL, 'in', 45, 'New Purchase', '2025-07-22 14:00:22'),
(2, NULL, NULL, 'in', 10, 'New Purchase', '2025-07-22 14:24:52'),
(3, 15, NULL, 'in', 35, 'Manual adjustment', '2025-07-22 14:28:48'),
(4, 15, NULL, 'in', 12, 'New Purchase', '2025-07-22 14:29:48'),
(5, 51, NULL, 'in', 20, 'New Purchase', '2025-07-24 09:22:13'),
(6, 49, NULL, 'in', 18, 'New Purchase', '2025-07-24 09:27:27'),
(7, 50, NULL, 'in', 1, 'New Purchase', '2025-07-24 09:28:00'),
(8, 32, NULL, 'in', 15, 'New Purchase', '2025-07-24 09:28:24'),
(9, 32, NULL, 'in', 1, 'Manual adjustment', '2025-07-24 09:29:10'),
(10, 23, NULL, 'in', 23, 'New Purchase', '2025-07-24 09:33:19'),
(11, 45, NULL, 'in', 10, 'New Purchase', '2025-07-24 09:33:57'),
(12, 28, NULL, 'in', 10, 'New Purchase', '2025-07-24 09:34:20'),
(13, 41, NULL, 'in', 16, 'New Purchase', '2025-07-24 09:35:51'),
(14, 21, NULL, 'in', 23, 'New Purchase', '2025-07-24 09:39:16'),
(15, 53, NULL, 'in', 6, 'New Purchase', '2025-07-24 09:40:18'),
(16, 33, NULL, 'in', 7, 'New Purchase', '2025-07-24 09:41:14'),
(17, 22, NULL, 'in', 26, 'New Purchase', '2025-07-24 09:41:33'),
(18, 20, NULL, 'in', 9, 'New Purchase', '2025-07-24 09:42:59'),
(19, 45, NULL, 'in', 14, 'Manual adjustment', '2025-07-24 09:47:20'),
(20, 26, NULL, 'in', 17, 'Manual adjustment', '2025-07-24 09:49:58'),
(21, 21, NULL, 'in', 15, 'Manual adjustment', '2025-07-24 09:50:33'),
(22, 29, NULL, 'in', 12, 'New Purchase', '2025-07-24 09:51:06'),
(23, 23, NULL, 'out', 2, 'Manual adjustment', '2025-07-24 09:54:12'),
(24, 17, NULL, 'in', 4, 'Manual adjustment', '2025-07-24 09:55:17'),
(25, 28, NULL, 'in', 1, 'Manual adjustment', '2025-07-24 09:58:07'),
(26, 28, NULL, 'in', 9, 'Manual adjustment', '2025-07-24 09:59:24'),
(27, 30, NULL, 'in', 11, 'New Purchase', '2025-07-24 10:00:59'),
(28, 37, NULL, 'in', 12, 'Manual adjustment', '2025-07-24 10:04:28'),
(29, 38, NULL, 'in', 2, 'Manual adjustment', '2025-07-24 10:05:38'),
(30, 52, NULL, 'in', 10, 'New Purchase', '2025-07-24 10:06:24'),
(31, 45, NULL, 'in', 11, 'Manual adjustment', '2025-07-24 10:08:25'),
(32, 40, NULL, 'in', 17, 'Manual adjustment', '2025-07-24 10:08:57'),
(33, 32, NULL, 'in', 2, 'Manual adjustment', '2025-07-24 10:09:43'),
(34, 36, NULL, 'in', 14, 'Manual adjustment', '2025-07-24 10:10:11'),
(35, 36, NULL, 'in', 6, 'Manual adjustment', '2025-07-24 10:11:14'),
(36, 46, NULL, 'in', 18, 'Manual adjustment', '2025-07-24 10:11:58'),
(37, 24, NULL, 'in', 17, 'New Purchase', '2025-07-24 10:15:21'),
(38, 19, NULL, 'in', 2, 'New Purchase', '2025-07-24 10:15:54'),
(39, 55, NULL, 'in', 4, 'New Purchase', '2025-07-24 10:16:25'),
(40, 54, NULL, 'in', 22, 'New Purchase', '2025-07-24 10:19:05'),
(41, 54, NULL, 'in', 15, 'Manual adjustment', '2025-07-24 10:20:00'),
(42, 54, NULL, 'in', 87, 'Manual adjustment', '2025-07-24 10:22:40'),
(43, 58, NULL, 'in', 40, 'New Purchase', '2025-07-24 10:27:02'),
(44, 32, NULL, 'in', 2, 'Manual adjustment', '2025-07-24 10:29:30'),
(45, 59, NULL, 'in', 12, 'Manual adjustment', '2025-07-24 10:38:31'),
(46, 76, NULL, 'in', 5, 'Manual adjustment', '2025-07-24 10:38:58'),
(47, 60, NULL, 'in', 2, 'Manual adjustment', '2025-07-24 10:39:14'),
(48, 80, NULL, 'in', 10, 'Manual adjustment', '2025-07-24 10:45:52'),
(49, 60, NULL, 'in', 9, 'Manual adjustment', '2025-07-24 10:46:09'),
(50, 83, NULL, 'in', 9, 'Manual adjustment', '2025-07-24 10:46:39'),
(51, 85, NULL, 'in', 6, 'Manual adjustment', '2025-07-24 10:54:05'),
(52, 85, NULL, 'in', 14, 'Manual adjustment', '2025-07-24 10:54:29'),
(53, 55, NULL, 'in', 26, 'New Purchase', '2025-07-24 10:58:32'),
(54, 55, NULL, 'in', 10, 'Manual adjustment', '2025-07-24 11:01:35'),
(55, 35, NULL, 'in', 40, 'Manual adjustment', '2025-07-24 11:02:04'),
(56, 15, NULL, 'out', 44, 'Manual adjustment', '2025-07-24 11:03:40'),
(57, 35, NULL, 'in', 15, 'Manual adjustment', '2025-07-24 11:04:06'),
(58, 55, NULL, 'in', 5, 'Manual adjustment', '2025-07-24 11:04:45'),
(59, 49, NULL, 'in', 31, 'Manual adjustment', '2025-07-24 11:09:09'),
(60, 42, NULL, 'in', 20, 'Manual adjustment', '2025-07-24 11:09:52'),
(61, 49, NULL, 'in', 10, 'Manual adjustment', '2025-07-24 11:10:37'),
(62, 49, NULL, 'in', 10, 'Manual adjustment', '2025-07-24 11:11:03'),
(63, 18, NULL, 'in', 20, 'Manual adjustment', '2025-07-24 11:23:14'),
(64, 18, NULL, 'in', 9, 'Manual adjustment', '2025-07-24 11:32:52'),
(65, 17, NULL, 'in', 30, 'Manual adjustment', '2025-07-24 11:34:16'),
(66, 14, NULL, 'in', 22, 'Manual adjustment', '2025-07-24 11:36:11'),
(67, 44, NULL, 'in', 20, 'Manual adjustment', '2025-07-24 11:38:52'),
(68, 36, NULL, 'in', 30, 'Manual adjustment', '2025-07-24 11:42:40'),
(69, 14, NULL, 'in', 1, 'Return to supplier', '2025-07-24 14:50:15'),
(70, 81, NULL, 'in', 40, 'New Purchase', '2025-07-24 16:57:35'),
(71, 84, NULL, 'in', 36, 'New Purchase', '2025-07-24 17:01:19'),
(72, 57, NULL, 'in', 36, 'New Purchase', '2025-07-24 17:04:23'),
(73, 57, NULL, 'in', 24, 'New Purchase', '2025-07-24 17:06:39'),
(74, 84, NULL, 'in', 12, 'New Purchase', '2025-07-24 17:11:56'),
(75, 81, NULL, 'in', 10, 'New Purchase', '2025-07-24 17:13:09'),
(76, 74, NULL, 'in', 30, 'New Purchase', '2025-07-24 17:20:56'),
(77, 80, NULL, 'in', 30, 'New Purchase', '2025-07-24 17:21:46'),
(78, 70, NULL, 'in', 20, 'New Purchase', '2025-07-24 17:28:45'),
(79, 75, NULL, 'in', 20, 'New Purchase', '2025-07-24 17:30:56'),
(80, 58, NULL, 'in', 20, 'New Purchase', '2025-07-24 17:35:22'),
(81, 79, NULL, 'in', 20, 'New Purchase', '2025-07-24 17:36:25'),
(82, 80, NULL, 'in', 1, 'Customer Return', '2025-07-25 14:22:42'),
(83, 89, NULL, 'out', 1, 'CUSTOMER HAS EXCHANGED FROM CHELSEA MTOTO TO MANCITY MTOTO', '2025-07-25 14:27:05'),
(84, 81, NULL, 'in', 50, 'New Purchase', '2025-07-30 18:07:26'),
(85, 57, NULL, 'in', 74, 'New Purchase', '2025-07-30 18:16:10'),
(86, 57, NULL, 'in', 20, 'New Purchase', '2025-07-30 18:17:57'),
(87, 95, NULL, 'in', 15, 'New Purchase', '2025-07-30 18:22:38'),
(88, 81, NULL, 'in', 35, 'New Purchase', '2025-07-30 18:25:54'),
(89, 57, NULL, 'in', 10, 'New Purchase', '2025-07-30 18:27:41'),
(90, 96, NULL, 'in', 30, 'New Purchase', '2025-07-30 18:30:58'),
(91, 97, NULL, 'in', 34, 'New Purchase', '2025-07-30 18:32:53'),
(92, 98, NULL, 'in', 30, 'New Purchase', '2025-07-30 18:35:57'),
(93, 99, NULL, 'in', 33, 'New Purchase', '2025-07-30 18:42:52'),
(94, 57, NULL, 'in', 20, 'New Purchase', '2025-07-30 18:44:20'),
(95, 92, NULL, 'in', 25, 'New Purchase', '2025-07-30 18:46:36'),
(96, 98, NULL, 'in', 8, 'New Purchase', '2025-07-30 18:48:43'),
(97, 100, NULL, 'in', 19, 'New Purchase', '2025-07-30 18:50:44'),
(98, 84, NULL, 'in', 30, 'New Purchase', '2025-07-30 18:53:00'),
(99, 67, NULL, 'in', 49, 'New Purchase', '2025-07-30 18:57:23'),
(100, 91, NULL, 'in', 29, 'New Purchase', '2025-07-30 19:02:32'),
(101, 74, NULL, 'in', 9, 'New Purchase', '2025-07-30 19:03:28'),
(102, 80, NULL, 'in', 48, 'New Purchase', '2025-07-31 11:28:53'),
(103, 100, NULL, 'in', 1, 'New Purchase', '2025-07-31 15:02:58'),
(104, 95, NULL, 'in', 1, 'New Purchase', '2025-07-31 15:03:18'),
(105, 98, NULL, 'in', 1, 'New Purchase', '2025-07-31 15:03:39'),
(106, 57, NULL, 'in', 1, 'New Purchase', '2025-07-31 15:04:02'),
(107, 90, NULL, 'in', 1, 'New Purchase', '2025-07-31 15:04:22'),
(108, 91, NULL, 'in', 1, 'New Purchase', '2025-07-31 15:04:43'),
(109, 92, NULL, 'in', 1, 'New Purchase', '2025-07-31 15:04:59'),
(110, 81, NULL, 'in', 1, 'New Purchase', '2025-07-31 15:05:21'),
(111, 84, NULL, 'in', 1, 'New Purchase', '2025-07-31 15:06:53'),
(112, 75, NULL, 'in', 1, 'New Purchase', '2025-07-31 15:07:14'),
(113, 80, NULL, 'in', 1, 'New Purchase', '2025-07-31 15:07:32'),
(114, 97, NULL, 'in', 1, 'New Purchase', '2025-07-31 15:07:53'),
(115, 74, NULL, 'in', 1, 'New Purchase', '2025-07-31 15:08:17'),
(116, 86, NULL, 'in', 1, 'New Purchase', '2025-07-31 15:08:38'),
(117, 67, NULL, 'in', 1, 'New Purchase', '2025-07-31 15:08:56'),
(118, 58, NULL, 'in', 1, 'New Purchase', '2025-07-31 15:09:16'),
(119, 86, NULL, 'in', 38, 'New Purchase', '2025-07-31 15:09:45'),
(120, 88, NULL, 'in', 1, 'New Purchase', '2025-07-31 15:10:08'),
(121, 67, NULL, 'in', 1, 'Customer Return', '2025-07-31 15:42:38'),
(122, 86, NULL, 'in', 1, 'Inventory Count', '2025-07-31 16:42:26'),
(123, 74, NULL, 'in', 1, 'System Correction', '2025-07-31 16:45:24'),
(124, 67, NULL, 'in', 54, 'New Purchase', '2025-07-31 16:52:43'),
(125, 95, NULL, 'in', 15, 'New Purchase', '2025-07-31 16:53:36'),
(126, 88, NULL, 'in', 20, 'New Purchase', '2025-08-01 15:43:28'),
(127, 57, NULL, 'in', 30, 'New Purchase', '2025-08-01 15:44:26'),
(128, 19, NULL, 'in', 1, 'System Correction', '2025-08-02 15:53:22'),
(129, 81, NULL, 'in', 20, 'New Purchase', '2025-08-02 16:58:59'),
(130, 91, NULL, 'in', 10, 'New Purchase', '2025-08-02 16:59:58'),
(131, 88, NULL, 'in', 10, 'New Purchase', '2025-08-02 17:00:35'),
(132, 81, NULL, 'in', 29, 'New Purchase', '2025-08-04 15:44:24'),
(133, 88, NULL, 'in', 19, 'New Purchase', '2025-08-04 15:45:11'),
(134, 58, NULL, 'in', 1, 'Customer Return', '2025-08-04 16:48:42'),
(135, 58, NULL, 'in', 8, 'New Purchase', '2025-08-05 12:56:57'),
(136, 84, NULL, 'in', 25, 'New Purchase', '2025-08-05 12:57:17'),
(137, 57, NULL, 'in', 32, 'New Purchase', '2025-08-07 16:06:35'),
(138, 57, NULL, 'in', 32, 'New Purchase', '2025-08-07 16:06:48'),
(139, 21, NULL, 'in', 10, 'New Purchase', '2025-08-07 16:08:29'),
(140, 103, NULL, 'in', 3, 'New Purchase', '2025-08-07 16:10:49'),
(141, 40, NULL, 'in', 15, 'New Purchase', '2025-08-07 16:11:18'),
(142, 104, NULL, 'in', 7, 'New Purchase', '2025-08-07 16:13:50'),
(143, 103, NULL, 'in', 30, 'New Purchase', '2025-08-07 16:14:12'),
(144, 102, NULL, 'in', 6, 'New Purchase', '2025-08-07 16:14:40'),
(145, 33, NULL, 'in', 10, 'New Purchase', '2025-08-07 16:17:50'),
(146, 49, NULL, 'in', 20, 'New Purchase', '2025-08-07 16:19:29'),
(147, 14, NULL, 'in', 25, 'New Purchase', '2025-08-07 16:19:52'),
(148, 45, NULL, 'in', 11, 'New Purchase', '2025-08-07 16:20:47'),
(149, 49, NULL, 'in', 10, 'New Purchase', '2025-08-07 16:29:44'),
(150, 36, NULL, 'in', 10, 'New Purchase', '2025-08-07 16:31:12'),
(151, 29, NULL, 'in', 10, 'New Purchase', '2025-08-07 16:31:32'),
(152, 14, NULL, 'in', 25, 'New Purchase', '2025-08-07 16:31:53'),
(153, 82, NULL, 'in', 42, 'New Purchase', '2025-08-07 16:33:42'),
(154, 86, NULL, 'in', 20, 'New Purchase', '2025-08-07 16:35:01'),
(155, 80, NULL, 'in', 50, 'New Purchase', '2025-08-07 16:37:26'),
(156, 57, NULL, 'in', 125, 'New Purchase', '2025-08-07 16:37:51'),
(157, 81, NULL, 'in', 130, 'New Purchase', '2025-08-07 16:38:11'),
(158, 69, NULL, 'in', 15, 'New Purchase', '2025-08-07 16:38:47'),
(159, 96, NULL, 'in', 50, 'New Purchase', '2025-08-07 16:39:22'),
(160, 73, NULL, 'in', 15, 'New Purchase', '2025-08-07 16:39:50'),
(161, 84, NULL, 'in', 75, 'New Purchase', '2025-08-07 16:40:35'),
(162, 70, NULL, 'in', 80, 'New Purchase', '2025-08-07 16:41:07'),
(163, 78, NULL, 'in', 20, 'New Purchase', '2025-08-07 16:41:31'),
(164, 88, NULL, 'in', 30, 'New Purchase', '2025-08-07 16:41:58'),
(165, 77, NULL, 'in', 20, 'New Purchase', '2025-08-07 16:42:19'),
(166, 89, NULL, 'in', 4, 'New Purchase', '2025-08-07 16:45:41'),
(167, 74, NULL, 'in', 5, 'New Purchase', '2025-08-07 16:46:35'),
(168, 14, NULL, 'out', 25, 'System Correction', '2025-08-07 16:52:14'),
(169, 82, NULL, 'in', 25, 'System Correction', '2025-08-07 16:52:40'),
(170, 102, NULL, 'out', 6, 'System Correction', '2025-08-07 17:29:02'),
(171, 15, NULL, 'in', 25, 'New Purchase', '2025-08-10 14:49:18'),
(172, 35, NULL, 'in', 81, 'New Purchase', '2025-08-10 14:49:54'),
(173, 39, NULL, 'in', 20, 'New Purchase', '2025-08-10 14:50:14'),
(174, 40, NULL, 'in', 25, 'New Purchase', '2025-08-10 14:50:30'),
(175, 32, NULL, 'in', 32, 'New Purchase', '2025-08-10 14:50:54'),
(176, 29, NULL, 'in', 32, 'New Purchase', '2025-08-10 14:54:03'),
(177, 53, NULL, 'in', 11, 'New Purchase', '2025-08-10 14:54:22'),
(178, 118, NULL, 'out', 3, 'System Correction', '2025-08-10 14:59:31'),
(179, 122, NULL, 'in', 17, 'System Correction', '2025-08-10 15:16:39'),
(180, 75, NULL, 'in', 25, 'New Purchase', '2025-08-10 16:10:36'),
(181, 91, NULL, 'in', 10, 'New Purchase', '2025-08-10 16:11:39'),
(182, 24, NULL, 'in', 4, 'New Purchase', '2025-08-11 15:52:00'),
(183, 58, NULL, 'in', 1, 'Customer Return', '2025-08-11 16:31:18'),
(184, 96, NULL, 'in', 1, 'System Correction', '2025-08-11 16:32:21'),
(185, 88, NULL, 'in', 1, 'System Correction', '2025-08-11 16:32:57'),
(186, 78, NULL, 'in', 1, 'System Correction', '2025-08-11 16:34:50'),
(187, 64, NULL, 'in', 1, 'System Correction', '2025-08-11 17:14:59'),
(188, 24, NULL, 'in', 5, 'System Correction', '2025-08-12 16:53:20'),
(189, 105, NULL, 'in', 10, 'New Purchase', '2025-08-13 16:38:09'),
(190, 88, NULL, 'in', 20, 'New Purchase', '2025-08-13 16:38:34'),
(191, 123, NULL, 'in', 15, 'New Purchase', '2025-08-13 16:38:52'),
(192, 104, NULL, 'in', 10, 'New Purchase', '2025-08-13 16:39:12'),
(193, 19, NULL, 'in', 31, 'New Purchase', '2025-08-13 16:43:45'),
(194, 111, NULL, 'in', 13, 'New Purchase', '2025-08-13 16:44:03'),
(195, 29, NULL, 'in', 20, 'New Purchase', '2025-08-13 16:44:45'),
(196, 36, NULL, 'in', 70, 'New Purchase', '2025-08-13 16:45:19'),
(197, 17, NULL, 'in', 50, 'New Purchase', '2025-08-13 16:45:52'),
(198, 108, NULL, 'in', 10, 'New Purchase', '2025-08-13 16:46:21'),
(199, 39, NULL, 'in', 21, 'New Purchase', '2025-08-13 16:46:52'),
(200, 49, NULL, 'in', 60, 'New Purchase', '2025-08-13 16:47:22'),
(201, 51, NULL, 'in', 10, 'New Purchase', '2025-08-13 16:47:52'),
(202, 32, NULL, 'in', 50, 'New Purchase', '2025-08-13 16:48:08'),
(203, 35, NULL, 'in', 40, 'New Purchase', '2025-08-13 16:48:23'),
(204, 117, NULL, 'in', 29, 'New Purchase', '2025-08-13 16:49:31'),
(205, 40, NULL, 'in', 15, 'System Correction', '2025-08-13 17:11:29'),
(206, 24, NULL, 'in', 12, 'System Correction', '2025-08-13 17:20:30');

-- --------------------------------------------------------

--
-- Table structure for table `suppliers`
--

DROP TABLE IF EXISTS `suppliers`;
CREATE TABLE `suppliers` (
  `supplier_id` int(11) NOT NULL,
  `name` varchar(100) NOT NULL,
  `contact` varchar(20) DEFAULT NULL,
  `email` varchar(100) DEFAULT NULL,
  `address` text DEFAULT NULL,
  `created_at` timestamp NOT NULL DEFAULT current_timestamp()
) ENGINE=InnoDB DEFAULT CHARSET=utf8mb4 COLLATE=utf8mb4_general_ci;

--
-- Dumping data for table `suppliers`
--

INSERT INTO `suppliers` (`supplier_id`, `name`, `contact`, `email`, `address`, `created_at`) VALUES
(1, 'Fashion Forward Ltd', '+1-555-0101', 'contact@fashionforward.com', '123 Fashion Street, NY', '2025-07-22 08:16:50'),
(2, 'Style Source Inc', '+1-555-0102', 'sales@stylesource.com', '456 Trend Avenue, CA', '2025-07-22 08:16:50'),
(3, 'Clothing Co', '+1-555-0103', 'info@clothingco.com', '789 Apparel Road, TX', '2025-07-22 08:16:50');

-- --------------------------------------------------------

--
-- Table structure for table `users`
--

DROP TABLE IF EXISTS `users`;
CREATE TABLE `users` (
  `user_id` int(11) NOT NULL,
  `username` varchar(50) NOT NULL,
  `password` varchar(255) NOT NULL,
  `role` enum('admin','employee') DEFAULT 'employee',
  `email` varchar(100) DEFAULT NULL,
  `created_at` timestamp NOT NULL DEFAULT current_timestamp()
) ENGINE=InnoDB DEFAULT CHARSET=utf8mb4 COLLATE=utf8mb4_general_ci;

--
-- Dumping data for table `users`
--

INSERT INTO `users` (`user_id`, `username`, `password`, `role`, `email`, `created_at`) VALUES
(1, 'admin', '$2y$10$dBpZlqwF69rySkzO6huh3eo5u7Ahin9Cf1xerVs5/bkKOxAz2cbvG', 'admin', 'admin@clothingshop.com', '2025-07-22 08:16:50');

-- --------------------------------------------------------

--
-- Table structure for table `wingers`
--

DROP TABLE IF EXISTS `wingers`;
CREATE TABLE `wingers` (
  `winger_id` int(11) NOT NULL,
  `name` varchar(100) NOT NULL,
  `contact` varchar(20) DEFAULT NULL,
  `address` text DEFAULT NULL,
  `total_pending_value` decimal(10,2) DEFAULT 0.00,
  `total_completed_sales` decimal(10,2) DEFAULT 0.00,
  `reliability_score` decimal(3,2) DEFAULT 5.00,
  `notes` text DEFAULT NULL,
  `created_at` timestamp NOT NULL DEFAULT current_timestamp(),
  `updated_at` timestamp NOT NULL DEFAULT current_timestamp() ON UPDATE current_timestamp()
) ENGINE=InnoDB DEFAULT CHARSET=utf8mb4 COLLATE=utf8mb4_general_ci;

--
-- Dumping data for table `wingers`
--

INSERT INTO `wingers` (`winger_id`, `name`, `contact`, `address`, `total_pending_value`, `total_completed_sales`, `reliability_score`, `notes`, `created_at`, `updated_at`) VALUES
(1, 'John Mwalimu', '+255123456789', 'Kariakoo Market, Dar es Salaam', 0.00, 0.00, 4.50, 'Regular customer, usually returns within 2 days', '2025-07-24 11:48:14', '2025-07-24 11:48:14'),
(2, 'Mary Shangwe', '+255987654321', 'Mwenge Market, Dar es Salaam', 0.00, 0.00, 4.80, 'Very reliable, deals with jerseys mainly', '2025-07-24 11:48:14', '2025-07-24 11:48:14'),
(3, 'Peter Msomba', '+255456789123', 'Magomeni, Dar es Salaam', 0.00, 0.00, 3.20, 'Sometimes delays return, requires follow-up', '2025-07-24 11:48:14', '2025-07-24 11:48:14');

--
-- Indexes for dumped tables
--

--
-- Indexes for table `categories`
--
ALTER TABLE `categories`
  ADD PRIMARY KEY (`category_id`);

--
-- Indexes for table `products`
--
ALTER TABLE `products`
  ADD PRIMARY KEY (`product_id`),
  ADD KEY `idx_products_category` (`category_id`),
  ADD KEY `idx_products_supplier` (`supplier_id`);

--
-- Indexes for table `sales`
--
ALTER TABLE `sales`
  ADD PRIMARY KEY (`sale_id`),
  ADD KEY `idx_sales_product` (`product_id`),
  ADD KEY `idx_sales_date` (`sale_date`),
  ADD KEY `confirmed_by` (`confirmed_by`),
  ADD KEY `idx_sales_status` (`sale_status`),
  ADD KEY `idx_sales_winger` (`winger_name`);

--
-- Indexes for table `stock_movements`
--
ALTER TABLE `stock_movements`
  ADD PRIMARY KEY (`movement_id`),
  ADD KEY `idx_stock_movements_product` (`product_id`),
  ADD KEY `sale_id` (`sale_id`);

--
-- Indexes for table `suppliers`
--
ALTER TABLE `suppliers`
  ADD PRIMARY KEY (`supplier_id`);

--
-- Indexes for table `users`
--
ALTER TABLE `users`
  ADD PRIMARY KEY (`user_id`),
  ADD UNIQUE KEY `username` (`username`);

--
-- Indexes for table `wingers`
--
ALTER TABLE `wingers`
  ADD PRIMARY KEY (`winger_id`);

--
-- AUTO_INCREMENT for dumped tables
--

--
-- AUTO_INCREMENT for table `categories`
--
ALTER TABLE `categories`
  MODIFY `category_id` int(11) NOT NULL AUTO_INCREMENT, AUTO_INCREMENT=11;

--
-- AUTO_INCREMENT for table `products`
--
ALTER TABLE `products`
  MODIFY `product_id` int(11) NOT NULL AUTO_INCREMENT, AUTO_INCREMENT=136;

--
-- AUTO_INCREMENT for table `sales`
--
ALTER TABLE `sales`
  MODIFY `sale_id` int(11) NOT NULL AUTO_INCREMENT, AUTO_INCREMENT=816;

--
-- AUTO_INCREMENT for table `stock_movements`
--
ALTER TABLE `stock_movements`
  MODIFY `movement_id` int(11) NOT NULL AUTO_INCREMENT, AUTO_INCREMENT=207;

--
-- AUTO_INCREMENT for table `suppliers`
--
ALTER TABLE `suppliers`
  MODIFY `supplier_id` int(11) NOT NULL AUTO_INCREMENT, AUTO_INCREMENT=4;

--
-- AUTO_INCREMENT for table `users`
--
ALTER TABLE `users`
  MODIFY `user_id` int(11) NOT NULL AUTO_INCREMENT, AUTO_INCREMENT=2;

--
-- AUTO_INCREMENT for table `wingers`
--
ALTER TABLE `wingers`
  MODIFY `winger_id` int(11) NOT NULL AUTO_INCREMENT, AUTO_INCREMENT=4;

--
-- Constraints for dumped tables
--

--
-- Constraints for table `products`
--
ALTER TABLE `products`
  ADD CONSTRAINT `products_ibfk_1` FOREIGN KEY (`category_id`) REFERENCES `categories` (`category_id`) ON DELETE SET NULL,
  ADD CONSTRAINT `products_ibfk_2` FOREIGN KEY (`supplier_id`) REFERENCES `suppliers` (`supplier_id`) ON DELETE SET NULL;

--
-- Constraints for table `sales`
--
ALTER TABLE `sales`
  ADD CONSTRAINT `sales_ibfk_1` FOREIGN KEY (`product_id`) REFERENCES `products` (`product_id`) ON DELETE SET NULL,
  ADD CONSTRAINT `sales_ibfk_2` FOREIGN KEY (`confirmed_by`) REFERENCES `users` (`user_id`) ON DELETE SET NULL;

--
-- Constraints for table `stock_movements`
--
ALTER TABLE `stock_movements`
  ADD CONSTRAINT `stock_movements_ibfk_1` FOREIGN KEY (`product_id`) REFERENCES `products` (`product_id`) ON DELETE SET NULL,
  ADD CONSTRAINT `stock_movements_ibfk_2` FOREIGN KEY (`sale_id`) REFERENCES `sales` (`sale_id`) ON DELETE SET NULL;
COMMIT;

/*!40101 SET CHARACTER_SET_CLIENT=@OLD_CHARACTER_SET_CLIENT */;
/*!40101 SET CHARACTER_SET_RESULTS=@OLD_CHARACTER_SET_RESULTS */;
/*!40101 SET COLLATION_CONNECTION=@OLD_COLLATION_CONNECTION */;
